-- ==========================================================================
-- Le Bar'app - consolidated reference schema + demo catalog.
-- Generated to mirror the effective Flyway migrations:
--   backend/src/main/resources/db/migration/V1__create_schema.sql
--   backend/src/main/resources/db/migration/V2__insert_demo_catalog.sql
-- This file is the exam-delivery reference; the application itself is
-- migrated by Flyway, not by this script.
-- ==========================================================================

-- Le Bar'app - initial schema.
-- pgcrypto provides gen_random_uuid() for UUID primary keys.
CREATE EXTENSION IF NOT EXISTS pgcrypto;

-- ---------------------------------------------------------------------------
-- app_user (barmaker accounts)
-- ---------------------------------------------------------------------------
CREATE TABLE app_user (
    id            BIGSERIAL PRIMARY KEY,
    username      VARCHAR(80)  NOT NULL,
    password_hash VARCHAR(255) NOT NULL,
    display_name  VARCHAR(120) NOT NULL,
    role          VARCHAR(30)  NOT NULL DEFAULT 'BARMAKER',
    active        BOOLEAN      NOT NULL DEFAULT TRUE,
    created_at    TIMESTAMPTZ  NOT NULL DEFAULT CURRENT_TIMESTAMP,
    updated_at    TIMESTAMPTZ  NOT NULL DEFAULT CURRENT_TIMESTAMP,
    -- Matches Flyway V1 + V10: both authenticated staff roles are accepted.
    CONSTRAINT ck_app_user_role CHECK (role IN ('BARMAKER', 'MANAGER'))
);

CREATE UNIQUE INDEX uk_app_user_username_lower
    ON app_user (LOWER(username));

-- ---------------------------------------------------------------------------
-- category
-- ---------------------------------------------------------------------------
CREATE TABLE category (
    id            BIGSERIAL PRIMARY KEY,
    name          VARCHAR(100) NOT NULL,
    description   VARCHAR(255),                 -- V4
    display_order INTEGER      NOT NULL DEFAULT 0,
    active        BOOLEAN      NOT NULL DEFAULT TRUE,
    created_at    TIMESTAMPTZ  NOT NULL DEFAULT CURRENT_TIMESTAMP,
    updated_at    TIMESTAMPTZ  NOT NULL DEFAULT CURRENT_TIMESTAMP,
    CONSTRAINT ck_category_display_order CHECK (display_order >= 0)
);

CREATE UNIQUE INDEX uk_category_name_lower
    ON category (LOWER(name));

-- ---------------------------------------------------------------------------
-- ingredient
-- ---------------------------------------------------------------------------
CREATE TABLE ingredient (
    id         BIGSERIAL PRIMARY KEY,
    name       VARCHAR(120) NOT NULL,
    active     BOOLEAN      NOT NULL DEFAULT TRUE,
    created_at TIMESTAMPTZ  NOT NULL DEFAULT CURRENT_TIMESTAMP,
    updated_at TIMESTAMPTZ  NOT NULL DEFAULT CURRENT_TIMESTAMP
);

CREATE UNIQUE INDEX uk_ingredient_name_lower
    ON ingredient (LOWER(name));

-- ---------------------------------------------------------------------------
-- cocktail
-- ---------------------------------------------------------------------------
CREATE TABLE cocktail (
    id          BIGSERIAL PRIMARY KEY,
    category_id BIGINT       NOT NULL,
    name        VARCHAR(150) NOT NULL,
    description TEXT         NOT NULL,
    image_url   VARCHAR(500),
    active      BOOLEAN      NOT NULL DEFAULT TRUE,
    created_at  TIMESTAMPTZ  NOT NULL DEFAULT CURRENT_TIMESTAMP,
    updated_at  TIMESTAMPTZ  NOT NULL DEFAULT CURRENT_TIMESTAMP,
    CONSTRAINT fk_cocktail_category
        FOREIGN KEY (category_id) REFERENCES category (id) ON DELETE RESTRICT
);

CREATE UNIQUE INDEX uk_cocktail_category_name_lower
    ON cocktail (category_id, LOWER(name));

CREATE INDEX idx_cocktail_category_active
    ON cocktail (category_id, active);

-- ---------------------------------------------------------------------------
-- cocktail_ingredient (association entity: carries display_order + quantity)
-- ---------------------------------------------------------------------------
CREATE TABLE cocktail_ingredient (
    cocktail_id    BIGINT  NOT NULL,
    ingredient_id  BIGINT  NOT NULL,
    display_order  INTEGER NOT NULL DEFAULT 0,
    quantity_label VARCHAR(80),
    PRIMARY KEY (cocktail_id, ingredient_id),
    CONSTRAINT fk_cocktail_ingredient_cocktail
        FOREIGN KEY (cocktail_id) REFERENCES cocktail (id) ON DELETE CASCADE,
    CONSTRAINT fk_cocktail_ingredient_ingredient
        FOREIGN KEY (ingredient_id) REFERENCES ingredient (id) ON DELETE RESTRICT,
    CONSTRAINT ck_cocktail_ingredient_display_order CHECK (display_order >= 0)
);

-- ---------------------------------------------------------------------------
-- cocktail_price
-- ---------------------------------------------------------------------------
CREATE TABLE cocktail_price (
    id          BIGSERIAL PRIMARY KEY,
    cocktail_id BIGINT        NOT NULL,
    size        VARCHAR(1)    NOT NULL,
    price       NUMERIC(10,2) NOT NULL,
    active      BOOLEAN       NOT NULL DEFAULT TRUE,
    created_at  TIMESTAMPTZ   NOT NULL DEFAULT CURRENT_TIMESTAMP,
    updated_at  TIMESTAMPTZ   NOT NULL DEFAULT CURRENT_TIMESTAMP,
    CONSTRAINT fk_cocktail_price_cocktail
        FOREIGN KEY (cocktail_id) REFERENCES cocktail (id) ON DELETE CASCADE,
    CONSTRAINT uk_cocktail_price_size UNIQUE (cocktail_id, size),
    CONSTRAINT ck_cocktail_price_size CHECK (size IN ('S', 'M', 'L')),
    CONSTRAINT ck_cocktail_price_positive CHECK (price > 0)
);

-- ---------------------------------------------------------------------------
-- customer_order (out of scope for this stage; schema only)
-- ---------------------------------------------------------------------------
CREATE TABLE customer_order (
    id           UUID PRIMARY KEY DEFAULT gen_random_uuid(),
    public_code  VARCHAR(8)    NOT NULL UNIQUE,
    status       VARCHAR(20)   NOT NULL DEFAULT 'ORDERED',
    total_amount NUMERIC(10,2) NOT NULL,
    table_number INTEGER       NOT NULL,        -- V4
    payment_method VARCHAR(30) NOT NULL,        -- V4
    created_at   TIMESTAMPTZ   NOT NULL DEFAULT CURRENT_TIMESTAMP,
    updated_at   TIMESTAMPTZ   NOT NULL DEFAULT CURRENT_TIMESTAMP,
    completed_at TIMESTAMPTZ,
    CONSTRAINT ck_customer_order_status
        CHECK (status IN ('ORDERED', 'IN_PROGRESS', 'COMPLETED')),
    CONSTRAINT ck_customer_order_total CHECK (total_amount >= 0),
    CONSTRAINT ck_customer_order_table_number CHECK (table_number BETWEEN 1 AND 25),  -- V4 + V6
    CONSTRAINT ck_customer_order_payment_method CHECK (payment_method IN (            -- V4
        'CASH_AT_COUNTER', 'CARD_AT_COUNTER', 'CARD_IN_APP', 'APPLE_PAY', 'GOOGLE_PAY'
    )),
    CONSTRAINT ck_customer_order_completed_at CHECK (
        (status = 'COMPLETED' AND completed_at IS NOT NULL)
        OR
        (status <> 'COMPLETED' AND completed_at IS NULL)
    )
);

CREATE INDEX idx_customer_order_status_created_at
    ON customer_order (status, created_at);

-- ---------------------------------------------------------------------------
-- order_item (out of scope for this stage; schema only)
-- cocktail_id is nullable so ON DELETE SET NULL preserves the snapshot fields.
-- ---------------------------------------------------------------------------
CREATE TABLE order_item (
    id                     UUID PRIMARY KEY DEFAULT gen_random_uuid(),
    order_id               UUID          NOT NULL,
    cocktail_id            BIGINT,
    cocktail_name_snapshot VARCHAR(150)  NOT NULL,
    size                   VARCHAR(1)    NOT NULL,
    unit_price_snapshot    NUMERIC(10,2) NOT NULL,
    preparation_status     VARCHAR(40)   NOT NULL DEFAULT 'PREPARATION_INGREDIENTS',
    sequence_number        INTEGER       NOT NULL,
    created_at             TIMESTAMPTZ   NOT NULL DEFAULT CURRENT_TIMESTAMP,
    updated_at             TIMESTAMPTZ   NOT NULL DEFAULT CURRENT_TIMESTAMP,
    completed_at           TIMESTAMPTZ,
    CONSTRAINT fk_order_item_order
        FOREIGN KEY (order_id) REFERENCES customer_order (id) ON DELETE CASCADE,
    CONSTRAINT fk_order_item_cocktail
        FOREIGN KEY (cocktail_id) REFERENCES cocktail (id) ON DELETE SET NULL,
    CONSTRAINT uk_order_item_sequence UNIQUE (order_id, sequence_number),
    CONSTRAINT ck_order_item_size CHECK (size IN ('S', 'M', 'L')),
    CONSTRAINT ck_order_item_price CHECK (unit_price_snapshot > 0),
    CONSTRAINT ck_order_item_sequence CHECK (sequence_number > 0),
    CONSTRAINT ck_order_item_status CHECK (
        preparation_status IN (
            'PREPARATION_INGREDIENTS',
            'ASSEMBLY',
            'DRESSING',
            'COMPLETED'
        )
    ),
    CONSTRAINT ck_order_item_completed_at CHECK (
        (preparation_status = 'COMPLETED' AND completed_at IS NOT NULL)
        OR
        (preparation_status <> 'COMPLETED' AND completed_at IS NULL)
    )
);

CREATE INDEX idx_order_item_order_id
    ON order_item (order_id);

CREATE INDEX idx_order_item_preparation_status
    ON order_item (preparation_status);

-- ==========================================================================

-- ==========================================================================

-- ==========================================================================

-- ==========================================================================
-- Demo catalog (enriched, consolidated reference — mirrors V2 demo rows
-- + the V9 enriched additions). Flyway is authoritative at runtime; this
-- file is the exam-delivery reference and is NOT executed by the application.
-- ==========================================================================

-- ---------------------------------------------------------------------------
-- Categories
-- ---------------------------------------------------------------------------
INSERT INTO category (id, name, description, display_order, active) VALUES
    (1, 'Classiques', 'Les incontournables de la mixologie, servis depuis des décennies.', 1, TRUE),
    (2, 'Tropicaux', 'Cocktails gorgés de soleil, fruits exotiques et rhums.', 2, TRUE),
    (3, 'Mocktails', 'Créations élaborées sans alcool, toute la complexité sans l''alcool.', 3, TRUE),
    (4, 'Promotions expirées', NULL, 99, FALSE),
    (5, 'Classiques modernes', 'Créations devenues incontournables depuis les années 2000.', 4, TRUE),
    (6, 'Spritz', 'Apéritifs pétillants et désaltérants à base de vin effervescent.', 5, TRUE),
    (7, 'Tiki', 'L''univers Tiki : rhums assemblés, épices et fruits tropicaux.', 6, TRUE),
    (8, 'Au gin', 'Le gin en toutes ses déclinaisons, du Dry Martini au spritz.', 7, TRUE),
    (9, 'Au rhum', 'Le rhum sous tous ses climats, blanc, ambré et noir.', 8, TRUE),
    (10, 'À la vodka', 'Cocktails frais et accessibles autour de la vodka.', 9, TRUE),
    (11, 'Tequila & mezcal', 'L''agave fumé et vif, du Margarita au mezcal.', 10, TRUE),
    (12, 'Whisky & bourbon', 'Spiritueux de grain vieillis, puissants et réconfortants.', 11, TRUE),
    (13, 'Champagne & pétillant', 'Bulles élégantes pour célébrer chaque instant.', 12, TRUE),
    (14, 'Café & dessert', 'Cocktails gourmands en fin de repas.', 13, TRUE),
    (15, 'Sour', 'L''équilibre audacieux du spiritueux, de l''acide et du sucré.', 14, TRUE),
    (16, 'Highball', 'Allongés simples et rafraîchissants, spiritueux et soda.', 15, TRUE),
    (17, 'Créations signature', 'Nos créations originales, exclusives au Bar''App.', 16, TRUE),
    (18, 'Saisonnières', 'Éditions limitées au rythme des saisons.', 17, TRUE);

-- ---------------------------------------------------------------------------
-- Ingredients
-- ---------------------------------------------------------------------------
INSERT INTO ingredient (id, name, active) VALUES
    (1, 'Rhum blanc', TRUE),
    (2, 'Citron vert', TRUE),
    (3, 'Menthe fraîche', TRUE),
    (4, 'Eau gazeuse', TRUE),
    (5, 'Sucre de canne', TRUE),
    (6, 'Vodka', TRUE),
    (7, 'Jus de cranberry', TRUE),
    (8, 'Triple sec', TRUE),
    (9, 'Jus d''ananas', TRUE),
    (10, 'Crème de coco', TRUE),
    (11, 'Sirop de grenadine', TRUE),
    (12, 'Limonade', TRUE),
    (13, 'Colorant de test', FALSE),
    (14, 'Gin', TRUE),
    (15, 'Rhum ambré', TRUE),
    (16, 'Rhum noir', TRUE),
    (17, 'Rhum épicé', TRUE),
    (18, 'Tequila blanco', TRUE),
    (19, 'Tequila reposado', TRUE),
    (20, 'Mezcal', TRUE),
    (21, 'Bourbon', TRUE),
    (22, 'Whisky de seigle', TRUE),
    (23, 'Scotch whisky', TRUE),
    (24, 'Whisky irlandais', TRUE),
    (25, 'Cognac', TRUE),
    (26, 'Brandy', TRUE),
    (27, 'Calvados', TRUE),
    (28, 'Cachaça', TRUE),
    (29, 'Gin Old Tom', TRUE),
    (30, 'Absinthe', TRUE),
    (31, 'Pisco', TRUE),
    (32, 'Cointreau', TRUE),
    (33, 'Grand Marnier', TRUE),
    (34, 'Amaretto', TRUE),
    (35, 'Liqueur de café', TRUE),
    (36, 'Liqueur de fleur de sureau', TRUE),
    (37, 'Crème de cassis', TRUE),
    (38, 'Crème de mûre', TRUE),
    (39, 'Crème de framboise', TRUE),
    (40, 'Crème de violette', TRUE),
    (41, 'Maraschino', TRUE),
    (42, 'Chartreuse verte', TRUE),
    (43, 'Chartreuse jaune', TRUE),
    (44, 'Bénédictine', TRUE),
    (45, 'Vermouth rosso', TRUE),
    (46, 'Vermouth dry', TRUE),
    (47, 'Vermouth blanc', TRUE),
    (48, 'Campari', TRUE),
    (49, 'Aperol', TRUE),
    (50, 'Liqueur de pêche', TRUE),
    (51, 'Drambuie', TRUE),
    (52, 'Galliano', TRUE),
    (53, 'Lillet Blanc', TRUE),
    (54, 'Crème de menthe', TRUE),
    (55, 'Liqueur de chocolat', TRUE),
    (56, 'Champagne', TRUE),
    (57, 'Prosecco', TRUE),
    (58, 'Vin pétillant', TRUE),
    (59, 'Vin rouge', TRUE),
    (60, 'Vin blanc', TRUE),
    (61, 'Vin rosé', TRUE),
    (62, 'Vin effervescent sans alcool', TRUE),
    (63, 'Citron jaune', TRUE),
    (64, 'Orange', TRUE),
    (130, 'Jus d''orange', TRUE),
    (65, 'Pamplemousse', TRUE),
    (66, 'Jus de mangue', TRUE),
    (67, 'Jus de pomme', TRUE),
    (68, 'Jus de poire', TRUE),
    (69, 'Purée de pêche', TRUE),
    (70, 'Purée de framboise', TRUE),
    (71, 'Fraises', TRUE),
    (72, 'Mûres', TRUE),
    (73, 'Myrtilles', TRUE),
    (74, 'Pastèque', TRUE),
    (75, 'Lait de coco', TRUE),
    (76, 'Purée de fruit de la passion', TRUE),
    (77, 'Jus de tomate', TRUE),
    (78, 'Clamato', TRUE),
    (79, 'Sirop de sucre', TRUE),
    (80, 'Sirop d''agave', TRUE),
    (81, 'Sirop de miel', TRUE),
    (82, 'Sirop d''érable', TRUE),
    (83, 'Sirop de vanille', TRUE),
    (84, 'Sirop de cannelle', TRUE),
    (85, 'Sirop de gingembre', TRUE),
    (86, 'Orgeat', TRUE),
    (87, 'Falernum', TRUE),
    (88, 'Sirop de fruit de la passion', TRUE),
    (89, 'Sirop de caramel salé', TRUE),
    (90, 'Sirop de basilic', TRUE),
    (91, 'Sirop de romarin', TRUE),
    (92, 'Tonic', TRUE),
    (93, 'Ginger beer', TRUE),
    (94, 'Ginger ale', TRUE),
    (95, 'Cola', TRUE),
    (96, 'Eau de coco', TRUE),
    (97, 'Gin sans alcool', TRUE),
    (98, 'Rhum sans alcool', TRUE),
    (99, 'Vodka sans alcool', TRUE),
    (100, 'Basilic', TRUE),
    (101, 'Romarin', TRUE),
    (102, 'Thym', TRUE),
    (103, 'Sauge', TRUE),
    (104, 'Concombre', TRUE),
    (105, 'Gingembre frais', TRUE),
    (106, 'Piment', TRUE),
    (107, 'Cannelle', TRUE),
    (108, 'Noix de muscade', TRUE),
    (109, 'Vanille', TRUE),
    (110, 'Café espresso', TRUE),
    (111, 'Cacao', TRUE),
    (112, 'Sel', TRUE),
    (113, 'Sel fumé', TRUE),
    (114, 'Blanc d''oeuf', TRUE),
    (115, 'Foamer végétal', TRUE),
    (116, 'Café froid', TRUE),
    (117, 'Bitters aromatique', TRUE),
    (118, 'Bitters à l''orange', TRUE),
    (119, 'Bitters au chocolat', TRUE),
    (120, 'Bitters au pamplemousse', TRUE),
    (121, 'Bitters au céleri', TRUE),
    (122, 'Thé noir', TRUE),
    (123, 'Thé vert', TRUE),
    (124, 'Cardamome', TRUE),
    (125, 'Clous de girofle', TRUE),
    (126, 'Anis étoilé', TRUE),
    (127, 'Lavande', TRUE),
    (128, 'Eau de rose', TRUE),
    (129, 'Crème liquide', TRUE);

-- ---------------------------------------------------------------------------
-- Cocktails
-- ---------------------------------------------------------------------------
INSERT INTO cocktail (id, category_id, name, description, image_url, active) VALUES
    (1, 1, 'Mojito', 'Rhum blanc, citron vert, menthe fraîche et eau gazeuse, le grand classique rafraîchissant.', '/images/cocktails/mojito.webp', TRUE),
    (2, 1, 'Cosmopolitan', 'Vodka, triple sec et jus de cranberry relevés d''une pointe de citron vert.', '/images/cocktails/cosmopolitan.webp', TRUE),
    (3, 2, 'Piña Colada', 'Rhum blanc, jus d''ananas et crème de coco pour une évasion tropicale onctueuse.', '/images/cocktails/pina-colada.webp', TRUE),
    (4, 2, 'Sex on the Beach', 'Vodka, jus de cranberry et jus d''ananas, fruité et estival.', '/images/cocktails/sex-on-the-beach.webp', TRUE),
    (5, 3, 'Virgin Mojito', 'La version sans alcool du Mojito : citron vert, menthe, limonade et eau gazeuse.', '/images/cocktails/virgin-mojito.webp', TRUE),
    (6, 4, 'Cocktail retiré', 'Cocktail désactivé : ne doit jamais apparaître dans la carte.', NULL, FALSE),
    (7, 1, 'Negroni', 'Equal parts de gin, Campari et vermouth rosso : l''apéritif italien amer et élégant.', '/images/cocktails/negroni.webp', TRUE),
    (8, 1, 'Old Fashioned', 'Le whisky, le sucre et les bitters : la formule originelle du cocktail, servi sur glace.', '/images/cocktails/old-fashioned.webp', TRUE),
    (9, 1, 'Manhattan', 'Whisky de seigle, vermouth doux et bitters : le grand classique new-yorkais au caractère affirmé.', '/images/cocktails/manhattan.webp', TRUE),
    (10, 1, 'Whiskey Sour', 'Bourbon, jus de citron et blanc d''oeuf : l''équilibre parfait entre force, acidité et rondeur.', '/images/cocktails/whiskey-sour.webp', TRUE),
    (11, 1, 'Amaretto Sour', 'L''amaretto adouci de citron et de blanc d''oeuf : un sour moelleux aux amandes.', '/images/cocktails/amaretto-sour.webp', TRUE),
    (12, 1, 'Daiquiri', 'Rhum blanc, citron vert et sucre de canne : la pureté du rhum dans sa forme la plus dépouillée.', '/images/cocktails/daiquiri.webp', TRUE),
    (13, 1, 'Margarita', 'Tequila, triple sec et citron vert : l''icône mexicaine fraîche et saline.', '/images/cocktails/margarita.webp', TRUE),
    (14, 1, 'Paloma', 'Tequila, pamplemousse et limonade : l''apéritif mexicain le plus désaltérant.', '/images/cocktails/paloma.webp', TRUE),
    (15, 1, 'Sidecar', 'Cognac, Cointreau et citron : le sour français au cognac, raffiné et vif.', '/images/cocktails/sidecar.webp', TRUE),
    (16, 1, 'Mint Julep', 'Bourbon, menthe et glace pilée : le classique du Kentucky, symbole du Sud américain.', '/images/cocktails/mint-julep.webp', TRUE),
    (17, 1, 'Boulevardier', 'Le Negroni au bourbon : plus rond, plus profond, parfait en apéritif.', '/images/cocktails/boulevardier.webp', TRUE),
    (18, 1, 'Black Russian', 'Vodka et liqueur de café : un classique simple, intense et gourmand.', '/images/cocktails/black-russian.webp', TRUE),
    (19, 1, 'White Russian', 'Le Black Russian adouci de crème : onctueux, café et réconfortant.', '/images/cocktails/white-russian.webp', TRUE),
    (20, 1, 'Tom Collins', 'Gin, citron, sucre et eau gazeuse : le grand sour allongé rafraîchissant.', '/images/cocktails/tom-collins.webp', TRUE),
    (21, 1, 'Gin Fizz', 'Gin, citron et bulles : le fizz pétillant, léger et désaltérant.', '/images/cocktails/gin-fizz.webp', TRUE),
    (22, 1, 'French 75', 'Gin, citron et champagne : l''élégance pétillante des soirées parisiennes.', '/images/cocktails/french-75.webp', TRUE),
    (23, 1, 'Sazerac', 'Cognac, absinthe et bitters : le classique de la Nouvelle-Orléans, puissant et aromatique.', '/images/cocktails/sazerac.webp', TRUE),
    (24, 1, 'Aviation', 'Gin, maraschino et crème de violette : un cocktail bleuté floral des années 1910.', '/images/cocktails/aviation.webp', TRUE),
    (25, 1, 'Last Word', 'Equal parts de gin, Chartreuse, maraschino et citron vert : un classique de Prohibition équilibré.', '/images/cocktails/last-word.webp', TRUE),
    (26, 1, 'Paper Plane', 'Equal parts de bourbon, Aperol, sureau et citron : un moderne acidulé et brillant.', '/images/cocktails/paper-plane.webp', TRUE),
    (27, 1, 'Penicillin', 'Scotch, miel, gingembre et citron : le moderne réconfortant, fumé et épicé.', '/images/cocktails/penicillin.webp', TRUE),
    (28, 1, 'Vesper', 'Gin, vodka et Lillet : le cocktail de James Bond, sec et puissant.', '/images/cocktails/vesper.webp', TRUE),
    (29, 1, 'Clover Club', 'Gin, framboise et blanc d''oeuf : un pre-Prohibition rose, acidulé et soyeux.', '/images/cocktails/clover-club.webp', TRUE),
    (30, 1, 'Ramos Gin Fizz', 'Gin, citron, crème et blanc d''oeuf : le fizz légendaire, mousseux et crémeux.', '/images/cocktails/ramos-gin-fizz.webp', TRUE),
    (31, 1, 'Martinez', 'Gin, vermouth et maraschino : l''ancêtre du Dry Martini, doux et complexe.', '/images/cocktails/martinez.webp', TRUE),
    (32, 1, 'Corpse Reviver N°2', 'Gin, Cointreau, Lillet et citron, lavés d''absinthe : un classique vivifiant du lendemain de fête.', '/images/cocktails/corpse-reviver-n-2.webp', TRUE),
    (33, 1, 'Hanky Panky', 'Gin, vermouth et Campari : un avant-dîner savoyard sec et amer, signé Ada Coleman.', '/images/cocktails/hanky-panky.webp', TRUE),
    (34, 1, 'White Lady', 'Gin, Cointreau et citron : un sour transparent, sec et élégant.', '/images/cocktails/white-lady.webp', TRUE),
    (35, 1, 'Bee''s Knees', 'Gin, citron et miel de Prohibition : doux, floral et masquant habilement l''alcool.', '/images/cocktails/bee-s-knees.webp', TRUE),
    (36, 1, 'Caipirinha', 'Cachaça, citron vert et sucre : le cocktail national brésilien, rustique et vivant.', '/images/cocktails/caipirinha.webp', TRUE),
    (37, 1, 'Americano', 'Campari, vermouth et soda : le premier cocktail de Bond, léger, amer et pétillant.', '/images/cocktails/americano.webp', TRUE),
    (38, 1, 'Hemingway Special', 'Le Daiquiri revu par Hemingway : maraschino, pamplemousse rose et citron vert, sec et vif.', '/images/cocktails/hemingway-special.webp', TRUE),
    (39, 1, 'Gold Rush', 'Bourbon, citron et miel : un sour moderne doré, réconfortant et équilibré.', '/images/cocktails/gold-rush.webp', TRUE),
    (40, 1, 'Clover Leaf', 'Variante mentholée du Clover Club, toujours rose, acidulée et délicatement fraîche.', '/images/cocktails/clover-leaf.webp', TRUE),
    (41, 1, 'El Presidente', 'Rhum ambré, vermouth et Cointreau : un classique cubain sec et élégant.', '/images/cocktails/el-presidente.webp', TRUE),
    (42, 5, 'Espresso Martini', 'Vodka, liqueur de café et espresso : le moderne vivifiant, doux et caféiné.', '/images/cocktails/espresso-martini.webp', TRUE),
    (43, 5, 'Pornstar Martini', 'Vodka, sureau, fruit de la passion et Prosecco : le moderne exubérant et fruité.', '/images/cocktails/pornstar-martini.webp', TRUE),
    (44, 5, 'Long Island Iced Tea', 'Cinq spiritueux, citron vert et cola : le moderne puissant au goût de thé glacé.', '/images/cocktails/long-island-iced-tea.webp', TRUE),
    (45, 5, 'Bloody Mary', 'Vodka, jus de tomate et épices : le remède du matin iconique, relevé à souhait.', '/images/cocktails/bloody-mary.webp', TRUE),
    (46, 5, 'Bramble', 'Gin, citron et crème de mûre : un moderne britannique fruité et acidulé.', '/images/cocktails/bramble.webp', TRUE),
    (47, 5, 'Midori Sour', 'Vodka et liqueur de pêche au citron : un moderne fruité et doux.', '/images/cocktails/midori-sour.webp', TRUE),
    (48, 5, 'Blue Hawaii', 'Rhum, vodka, curaçao et ananas : un moderne tropical et coloré.', '/images/cocktails/blue-hawaii.webp', TRUE),
    (49, 5, 'Woo Woo', 'Vodka, schnapps de pêche et cranberry : un moderne fruité, simple et populaire.', '/images/cocktails/woo-woo.webp', TRUE),
    (50, 5, 'Cosmopolitan Lite', 'Le Cosmopolitan allongé de bulles : plus léger, toujours rose et acidulé.', '/images/cocktails/cosmopolitan-lite.webp', TRUE),
    (51, 2, 'Hurricane', 'Deux rhums, fruit de la passion et falernum : le punch de la Nouvelle-Orléans, fruité et puissant.', '/images/cocktails/hurricane.webp', TRUE),
    (52, 2, 'Painkiller', 'Rhum ambré, ananas, orange et coco : l''antidote des îles Vierges britanniques, crémeux et solaire.', '/images/cocktails/painkiller.webp', TRUE),
    (53, 2, 'Yellow Bird', 'Rhum, Galliano et triple sec : un classique caribéen doré, doux et vanillé.', '/images/cocktails/yellow-bird.webp', TRUE),
    (54, 2, 'Between the Sheets', 'Rhum, cognac et Cointreau : la variante acidulée et puissante du Sidecar.', '/images/cocktails/between-the-sheets.webp', TRUE),
    (55, 2, 'Chi Chi', 'La Piña Colada à la vodka : onctueuse, fruitée et sans rhum.', '/images/cocktails/chi-chi.webp', TRUE),
    (56, 2, 'Coco Loco', 'Deux rhums et lait de coco : le cocktail de plage colombien, doux et vivifiant.', '/images/cocktails/coco-loco.webp', TRUE),
    (57, 2, 'Mary Pickford', 'Rhum, ananas, maraschino et grenadine : un classique cubain rose et délicat.', '/images/cocktails/mary-pickford.webp', TRUE),
    (58, 2, 'Cuban Sunset', 'Rhum ambré, ananas et grenadine : un coucher de soleil caribéen, fruité et doux.', '/images/cocktails/cuban-sunset.webp', TRUE),
    (59, 2, 'Tropical Sunrise', 'Tequila, orange et grenadine : la variante tropicale du Sunrise, douce et colorée.', '/images/cocktails/tropical-sunrise.webp', TRUE),
    (60, 2, 'Mango Tango', 'Rhum, mangue et fruit de la passion : un cocktail tropical exotique et acidulé.', '/images/cocktails/mango-tango.webp', TRUE),
    (61, 2, 'Dragonberry Margarita', 'Tequila, mangue et framboise : une Margarita tropicale, fruitée et rosée.', '/images/cocktails/dragonberry-margarita.webp', TRUE),
    (62, 2, 'Coconut Mojito', 'Le Mojito enrichi de lait de coco : crémeux, mentholé et tropical.', '/images/cocktails/coconut-mojito.webp', TRUE),
    (63, 6, 'Aperol Spritz', 'Aperol, Prosecco et soda : l''apéritif italien iconique, doux-amer et pétillant.', '/images/cocktails/aperol-spritz.webp', TRUE),
    (64, 6, 'Hugo Spritz', 'Sureau, Prosecco, menthe et citron : l''alternative floraux et fraîche au Spritz.', '/images/cocktails/hugo-spritz.webp', TRUE),
    (65, 6, 'Negroni Sbagliato', 'Le Negroni cassé par le Prosecco : amer, pétillant et moins alcoolisé.', '/images/cocktails/negroni-sbagliato.webp', TRUE),
    (66, 6, 'Spritz Veneziano', 'La formule vénitienne originelle : Aperol, Prosecco et un trait de soda.', '/images/cocktails/spritz-veneziano.webp', TRUE),
    (67, 6, 'Campari Spritz', 'Campari, Prosecco et soda : le spritz italien le plus amer et pétillant.', '/images/cocktails/campari-spritz.webp', TRUE),
    (68, 6, 'Select Spritz', 'Aperol et Campari assemblés : le spritz doublement amer des vénitiens.', '/images/cocktails/select-spritz.webp', TRUE),
    (69, 6, 'Pomegranate Spritz', 'Prosecco et cassis : un spritz rubis, fruité et pétillant.', '/images/cocktails/pomegranate-spritz.webp', TRUE),
    (70, 6, 'Rosé Spritz', 'Vin rosé et Prosecco : un spritz estival, souple et floral.', '/images/cocktails/rose-spritz.webp', TRUE),
    (71, 6, 'Bergamot Spritz', 'Gin, sureau, pamplemousse et Prosecco : un spritz floral et acidulé.', '/images/cocktails/bergamot-spritz.webp', TRUE),
    (72, 7, 'Mai Tai', 'Deux rhums, orgeat et citron vert : le roi des cocktails tiki, équilibré et profond.', '/images/cocktails/mai-tai.webp', TRUE),
    (73, 7, 'Zombie', 'Trois rhums et fruit de la passion : la bombe tiki de Don the Beachcomber, puissante et exotique.', '/images/cocktails/zombie.webp', TRUE),
    (74, 7, 'Navy Grog', 'Rhum, cognac et agrumes : un grog tiki naval, robuste et chaleureux.', '/images/cocktails/navy-grog.webp', TRUE),
    (75, 7, 'Cobra''s Fang', 'Rhum, falernum et piment : un tiki audacieux au mordant épicé.', '/images/cocktails/cobra-s-fang.webp', TRUE),
    (76, 7, 'Test Pilot', 'Rhum, Chartreuse et falernum : un tiki herbacé, complexe et corsaire.', '/images/cocktails/test-pilot.webp', TRUE),
    (77, 7, 'Scorpion', 'Rhum, cognac et agrumes : un tiki punch sans alcool apparent, doux et fruité.', '/images/cocktails/scorpion.webp', TRUE),
    (78, 7, 'Doctor Funk', 'Rhum noir et absinthe : un tiki pharmacien, mystérieux et intense.', '/images/cocktails/doctor-funk.webp', TRUE),
    (79, 7, 'Shark Bite', 'Rhum et mûre piqués au ginger beer : un tiki pétillant et acidulé.', '/images/cocktails/shark-bite.webp', TRUE),
    (80, 7, 'Polynesian Spell', 'Rhum, orgeat et fruit de la passion : un sortilège tiki crémeux et solaire.', '/images/cocktails/polynesian-spell.webp', TRUE),
    (81, 7, 'Jet Pilot', 'Assemblage de rhums, Chartreuse et falernum : un tiki vert et puissant pour voyageurs intrépides.', '/images/cocktails/jet-pilot.webp', TRUE),
    (82, 7, 'Kahala Sunset', 'Rhum épicé, ananas et coco : un coucher de soleil hawaïen, doux et épicé.', '/images/cocktails/kahala-sunset.webp', TRUE),
    (83, 7, 'Tiki Lava Flow', 'Rhum, coco, ananas et framboise : un écoulement de lave tropicale, fruité et bicolore.', '/images/cocktails/tiki-lava-flow.webp', TRUE),
    (84, 3, 'Shirley Temple', 'Limonade et grenadine : le mocktail rétro par excellence, doux et pétillant.', '/images/cocktails/shirley-temple.webp', TRUE),
    (85, 3, 'Virgin Colada', 'La Piña Colada sans alcool : crémeuse, fruitée et 100% sans alcool.', '/images/cocktails/virgin-colada.webp', TRUE),
    (86, 3, 'Virgin Piña Colada', 'Une autre variation sans alcool de la Piña Colada, plus lactée et onctueuse.', '/images/cocktails/virgin-pina-colada.webp', TRUE),
    (87, 3, 'Nojito', 'Le Mojito sans rhum : menthe, citron vert et limonade, frais et désaltérant.', '/images/cocktails/nojito.webp', TRUE),
    (88, 3, 'Cucumber Cooler', 'Concombre, citron vert et menthe : un cooler herbacé, croquant et rafraîchissant.', '/images/cocktails/cucumber-cooler.webp', TRUE),
    (89, 3, 'Garden Fizz', 'Basilic et citron : un fizz sans alcool, végétal et vivifiant.', '/images/cocktails/garden-fizz.webp', TRUE),
    (90, 3, 'Rose Lemonade', 'Limonade rosée à l''eau de rose : un mocktail floral et pétillant.', '/images/cocktails/rose-lemonade.webp', TRUE),
    (91, 3, 'Berry Spritz Zero', 'Fruits rouges et vin effervescent sans alcool : un spritz festif sans alcool.', '/images/cocktails/berry-spritz-zero.webp', TRUE),
    (92, 3, 'Tropical Sunset Zero', 'Mangue, ananas et grenadine : un coucher de soleil tropical sans alcool.', '/images/cocktails/tropical-sunset-zero.webp', TRUE),
    (93, 3, 'Virgin Mary', 'Jus de tomate, épices et Clamato : le Bloody Mary sans vodka, relevé et épicé.', '/images/cocktails/virgin-mary.webp', TRUE),
    (94, 3, 'Citrus Fizz', 'Trois agrumes et agave : un fizz vitaminé et piquant sans alcool.', '/images/cocktails/citrus-fizz.webp', TRUE),
    (95, 3, 'Blueberry Smash', 'Myrtilles écrasées, citron et menthe : un smash fruité et acidulé.', '/images/cocktails/blueberry-smash.webp', TRUE),
    (96, 3, 'Apple Ginger Fizz', 'Pomme, gingembre et citron : un fizz d''automne, doux et épicé.', '/images/cocktails/apple-ginger-fizz.webp', TRUE),
    (97, 3, 'Virgin Paloma', 'Pamplemousse et limonade : la Paloma sans tequila, amère et pétillante.', '/images/cocktails/virgin-paloma.webp', TRUE),
    (98, 3, 'Watermelon Mint', 'Pastèque, menthe et citron vert : un mocktail estival, sucré et désaltérant.', '/images/cocktails/watermelon-mint.webp', TRUE),
    (99, 3, 'Raspberry Lemonade', 'Framboise et limonade : un mocktail rose, acidulé et gourmand.', '/images/cocktails/raspberry-lemonade.webp', TRUE),
    (100, 3, 'Mango Lassi Fizz', 'Mangue et lait de coco : un mocktail indien crémeux et exotique, pétillant.', '/images/cocktails/mango-lassi-fizz.webp', TRUE),
    (101, 3, 'Gin Garden Zero', 'Gin sans alcool, concombre et basilic : un tonic végétal et frais sans alcool.', '/images/cocktails/gin-garden-zero.webp', TRUE),
    (102, 3, 'Rum Punch Zero', 'Rhum sans alcool et fruits tropicaux : un punch festif et fruité sans alcool.', '/images/cocktails/rum-punch-zero.webp', TRUE),
    (103, 3, 'Espresso Tonic Zero', 'Café froid et tonic : un mocktail caféiné, amer et pétillant.', '/images/cocktails/espresso-tonic-zero.webp', TRUE),
    (104, 3, 'Hibiscus Cooler', 'Thé noir et citron : un cooler acidulé, tanique et rafraîchissant.', '/images/cocktails/hibiscus-cooler.webp', TRUE),
    (105, 3, 'Coconut Limeade', 'Lait de coco et citron vert : une limonade crémeuse et tropicale sans alcool.', '/images/cocktails/coconut-limeade.webp', TRUE),
    (106, 3, 'Spiced Apple Punch', 'Pomme et épices : un punch d''hiver réconfortant, chaud ou froid.', '/images/cocktails/spiced-apple-punch.webp', TRUE),
    (107, 3, 'Peach Melba Fizz', 'Pêche et framboise : un fizz gourmand et fruité, sans alcool.', '/images/cocktails/peach-melba-fizz.webp', TRUE),
    (108, 3, 'Cucumber Mint Tonic', 'Concombre, menthe et tonic : un mocktail croquant, frais et amer.', '/images/cocktails/cucumber-mint-tonic.webp', TRUE),
    (109, 3, 'Blackberry Lemonade', 'Mûres et romarin : une limonade profonde, herbacée et acidulée.', '/images/cocktails/blackberry-lemonade.webp', TRUE),
    (110, 3, 'Virgin Margarita', 'Citron vert, orange et sel : la Margarita sans alcool, fraîche et saline.', '/images/cocktails/virgin-margarita.webp', TRUE),
    (111, 3, 'Passion Fizz', 'Fruit de la passion et citron vert : un mocktail tropical, vif et exotique.', '/images/cocktails/passion-fizz.webp', TRUE),
    (112, 3, 'Maple Pear Fizz', 'Poire et érable : un fizz d''automne, doux et raffiné sans alcool.', '/images/cocktails/maple-pear-fizz.webp', TRUE),
    (113, 3, 'Strawberry Basil Lemonade', 'Fraises et basilic : une limonade estivale, acidulée et herbacée.', '/images/cocktails/strawberry-basil-lemonade.webp', TRUE),
    (114, 3, 'Cacao Fizz', 'Cacao et vanille : un mocktail gourmand, doux et pétillant.', '/images/cocktails/cacao-fizz.webp', TRUE),
    (115, 3, 'Orange Cardamom Fizz', 'Orange et cardamome : un fizz parfumé, épicé et vitaminé sans alcool.', '/images/cocktails/orange-cardamom-fizz.webp', TRUE),
    (116, 8, 'Dry Martini', 'Gin et vermouth dry : l''icône glacée, sèche et cristalline, parée d''un zeste de citron.', '/images/cocktails/dry-martini.webp', TRUE),
    (117, 8, 'Dirty Martini', 'Le Dry Martini sali d''un trait saumâtre : plus corsé, plus umami, toujours glacé.', '/images/cocktails/dirty-martini.webp', TRUE),
    (118, 8, 'Gimlet', 'Gin, citron vert et sirop : le sour le plus simple, vif et élégant.', '/images/cocktails/gimlet.webp', TRUE),
    (119, 8, 'Gin Basil Smash', 'Gin et basilic : un smash herbacé, vert et rafraîchissant d''origine allemande.', '/images/cocktails/gin-basil-smash.webp', TRUE),
    (120, 8, 'Singapore Sling', 'Gin, Bénédictine et fruits : le grand sling du Raffles, fruité et complexe.', '/images/cocktails/singapore-sling.webp', TRUE),
    (121, 8, 'Southside', 'Gin, citron vert et menthe : un fizz mentholé, sec et désaltérant.', '/images/cocktails/southside.webp', TRUE),
    (122, 8, 'Gin Gin Mule', 'Gin, menthe et ginger beer : à mi-chemin du Mojito et du Mule, pétillant et frais.', '/images/cocktails/gin-gin-mule.webp', TRUE),
    (123, 8, 'Bijou', 'Gin, Chartreuse et Cointreau : un classique bijou herbacé, sec et précieux.', '/images/cocktails/bijou.webp', TRUE),
    (124, 8, 'Earl Grey MarTEAni', 'Gin infusé au thé Earl Grey : un martini floral, tanique et raffiné.', '/images/cocktails/earl-grey-marteani.webp', TRUE),
    (125, 8, 'Gin Garden', 'Gin, sureau et concombre : un highball jardinier, floral et croquant.', '/images/cocktails/gin-garden.webp', TRUE),
    (126, 9, 'Dark ''n'' Stormy', 'Rhum noir sur ginger beer : l''orage bermudien, épicé et pétillant.', '/images/cocktails/dark-n-stormy.webp', TRUE),
    (127, 9, 'Cuba Libre', 'Rhum, cola et citron vert : le grand highball cubain, simple et populaire.', '/images/cocktails/cuba-libre.webp', TRUE),
    (128, 9, 'Hotel Nacional', 'Rhum, ananas et maraschino : un classique de La Havane, fruité et sec.', '/images/cocktails/hotel-nacional.webp', TRUE),
    (129, 9, 'El Floridita', 'Rhum et maraschino : le Daiquiri de Hemingway selon le Floridita, sec et rosé.', '/images/cocktails/el-floridita.webp', TRUE),
    (130, 9, 'Bacardi Cocktail', 'Rhum, grenadine et citron vert : le Daiquiri teinté de rouge, doux et vif.', '/images/cocktails/bacardi-cocktail.webp', TRUE),
    (131, 9, 'Rum Runner', 'Rhum et fruits rouges : un cocktail de plage des Keys, fruité et gourmand.', '/images/cocktails/rum-runner.webp', TRUE),
    (132, 9, 'Royal Bermuda', 'Rhum, Lillet et Bénédictine : un classique colonial, sec et herbacé.', '/images/cocktails/royal-bermuda.webp', TRUE),
    (133, 9, 'Pearl Diver', 'Deux rhums et orgeat : un tiki-diver crémeux, doux et profond.', '/images/cocktails/pearl-diver.webp', TRUE),
    (134, 9, 'Island Queen', 'Rhum et fruits tropicaux : une reine des îles, solaire et équilibrée.', '/images/cocktails/island-queen.webp', TRUE),
    (135, 9, 'London to Cuba', 'Rhum, Campari et vermouth dry : un voyage négroni-rhum, amer et soyeux.', '/images/cocktails/london-to-cuba.webp', TRUE),
    (136, 10, 'Moscow Mule', 'Vodka et ginger beer dans une chope cuivrée : le mule épicé et pétillant.', '/images/cocktails/moscow-mule.webp', TRUE),
    (137, 10, 'Sea Breeze', 'Vodka, cranberry et pamplemousse : un highball fruité et acidulé du Cap Cod.', '/images/cocktails/sea-breeze.webp', TRUE),
    (138, 10, 'Madras', 'Vodka, cranberry et orange : le cousin doux du Cape Codder, fruité et vif.', '/images/cocktails/madras.webp', TRUE),
    (139, 10, 'Cape Codder', 'Vodka et cranberry : le plus simple des highball à la vodka, rouge et frais.', '/images/cocktails/cape-codder.webp', TRUE),
    (140, 10, 'Greyhound', 'Vodka et pamplemousse : un highball amer et vitaminé, désaltérant.', '/images/cocktails/greyhound.webp', TRUE),
    (141, 10, 'Salty Dog', 'Le Greyhound givré de sel : pamplemousse et vodka, salin et amer.', '/images/cocktails/salty-dog.webp', TRUE),
    (142, 10, 'Screwdriver', 'Vodka et jus d''orange : le grand classique du petit-déjeuner, simple et fruité.', '/images/cocktails/screwdriver.webp', TRUE),
    (143, 10, 'Harvey Wallbanger', 'Screwdriver rehaussé de Galliano : vanillé, fruité et légèrement herbacé.', '/images/cocktails/harvey-wallbanger.webp', TRUE),
    (144, 10, 'Vodka Gimlet', 'Le Gimlet à la vodka : plus neutre, plus doux, toujours vif et citronné.', '/images/cocktails/vodka-gimlet.webp', TRUE),
    (145, 10, 'Velvet Mango', 'Vodka, mangue et orange : un highball tropical, doux et vitaminé.', '/images/cocktails/velvet-mango.webp', TRUE),
    (146, 11, 'Tommy''s Margarita', 'La Margarita au sirop d''agave : plus douce, plus pure, sans triple sec.', '/images/cocktails/tommy-s-margarita.webp', TRUE),
    (147, 11, 'Tequila Sunrise', 'Tequila, orange et grenadine : le lever de soleil dégradé, doux et coloré.', '/images/cocktails/tequila-sunrise.webp', TRUE),
    (148, 11, 'Mezcal Negroni', 'Le Negroni au mezcal fumé : amer, profond et nettement fumé.', '/images/cocktails/mezcal-negroni.webp', TRUE),
    (149, 11, 'Oaxaca Old Fashioned', 'Mezcal et tequila vieillie : un old fashioned fumé et agave, moderne et puissant.', '/images/cocktails/oaxaca-old-fashioned.webp', TRUE),
    (150, 11, 'Mezcal Last Word', 'Le Last Word au mezcal : herbacé, fumé et équilibré, délicieusement sauvage.', '/images/cocktails/mezcal-last-word.webp', TRUE),
    (151, 11, 'Rosita', 'Tequila et vermouths : un négroni mexicain sec, fumé et complexe.', '/images/cocktails/rosita.webp', TRUE),
    (152, 11, 'Frozen Margarita', 'La Margarita frappée : glacée, givrée, acidulée et irrésistible en été.', '/images/cocktails/frozen-margarita.webp', TRUE),
    (153, 11, 'Jalapeño Margarita', 'La Margarita piquée de piment : fraîche, acide et délicieusement épicée.', '/images/cocktails/jalapeno-margarita.webp', TRUE),
    (154, 12, 'Godfather', 'Scotch et amaretto : un classique sec, ambré et doucement amandé.', '/images/cocktails/godfather.webp', TRUE),
    (155, 12, 'Rusty Nail', 'Scotch et Drambuie : un après-dîner miel-whisky, chaleureux et miellé.', '/images/cocktails/rusty-nail.webp', TRUE),
    (156, 12, 'Ward Eight', 'Rye, Cointreau et grenadine : un classique bostonnais fruité et équilibré.', '/images/cocktails/ward-eight.webp', TRUE),
    (157, 12, 'New York Sour', 'Le Whiskey Sour surmonté de vin rouge : un sour à deux couches, profond et raffiné.', '/images/cocktails/new-york-sour.webp', TRUE),
    (158, 12, 'Blood and Sand', 'Scotch, vermouth, orange et framboise : un classique rouge sang, fruité et fumé.', '/images/cocktails/blood-and-sand.webp', TRUE),
    (159, 12, 'Bobby Burns', 'Scotch, vermouth et Bénédictine : un classique soyeux, raffiné et herbacé.', '/images/cocktails/bobby-burns.webp', TRUE),
    (160, 12, 'Rob Roy', 'Le Manhattan au scotch : plus fumé, plus profond, légèrement tourbé.', '/images/cocktails/rob-roy.webp', TRUE),
    (161, 12, 'Japanese Highball', 'Whisky et soda : le highball japonais minimaliste, pur et désaltérant.', '/images/cocktails/japanese-highball.webp', TRUE),
    (162, 13, 'Bellini', 'Prosecco et purée de pêche : la douceur vénitienne, pétillante et fruitée.', '/images/cocktails/bellini.webp', TRUE),
    (163, 13, 'Mimosa', 'Champagne et jus d''orange : le brunch pétillant par excellence.', '/images/cocktails/mimosa.webp', TRUE),
    (164, 13, 'Kir', 'Vin blanc et crème de cassis : l''apéritif bourguignon, fruité et sec.', '/images/cocktails/kir.webp', TRUE),
    (165, 13, 'Kir Royal', 'Champagne et crème de cassis : l''élégance pétillante du Kir, festif et fruité.', '/images/cocktails/kir-royal.webp', TRUE),
    (166, 13, 'Champagne Cocktail', 'Champagne, sucre et bitters : le grand classique des réceptions, sec et raffiné.', '/images/cocktails/champagne-cocktail.webp', TRUE),
    (167, 13, 'Death in the Afternoon', 'Champagne et absinthe : le cocktail de Hemingway, vert, puissant et anisé.', '/images/cocktails/death-in-the-afternoon.webp', TRUE),
    (168, 13, 'Pomegranate Bellini', 'Variante rubis du Bellini : pêche et cassis, festif et acidulé.', '/images/cocktails/pomegranate-bellini.webp', TRUE),
    (169, 13, 'Champagne Noir', 'Champagne et crème de mûre : une coupe profonde, fruitée et élégante.', '/images/cocktails/champagne-noir.webp', TRUE),
    (170, 13, 'Sparkling Elderflower', 'Prosecco et sureau : un spritz floral, doux et printanier.', '/images/cocktails/sparkling-elderflower.webp', TRUE),
    (171, 13, 'Pineapple Bellini', 'Prosecco et ananas : un Bellini tropical, frais et solaire.', '/images/cocktails/pineapple-bellini.webp', TRUE),
    (172, 14, 'Irish Coffee', 'Café, whisky et crème : la boisson réconfortante irlandaise, chaude et douce.', '/images/cocktails/irish-coffee.webp', TRUE),
    (173, 14, 'Brandy Alexander', 'Cognac, cacao et crème : un dessert onctueux, riche et musqué.', '/images/cocktails/brandy-alexander.webp', TRUE),
    (174, 14, 'Alexander', 'Gin, cacao et crème : l''Alexander originel au gin, doux et épicé.', '/images/cocktails/alexander.webp', TRUE),
    (175, 14, 'Grasshopper', 'Menthe, cacao et crème : un digestif vert, gourmand et frais.', '/images/cocktails/grasshopper.webp', TRUE),
    (176, 14, 'B-52', 'Trois couches de liqueur : café, crème et orange, à boire d''un trait.', '/images/cocktails/b-52.webp', TRUE),
    (177, 14, 'Mudslide', 'Vodka, café et crème : un dessert glacé, onctueux et gourmand.', '/images/cocktails/mudslide.webp', TRUE),
    (178, 14, 'Spanish Coffee', 'Café, whisky et caramel : un café espagnol flamboyant, doux et réconfortant.', '/images/cocktails/spanish-coffee.webp', TRUE),
    (179, 14, 'Cacao Martini', 'Vodka, cacao et vanille : un martini dessert, doux et cacaoté.', '/images/cocktails/cacao-martini.webp', TRUE),
    (180, 15, 'Pisco Sour', 'Pisco, citron et blanc d''oeuf : le sour national péruvien, mousseux et soyeux.', '/images/cocktails/pisco-sour.webp', TRUE),
    (181, 15, 'Boston Sour', 'Le Whiskey Sour à l''oeuf : mousseux, onctueux et équilibré.', '/images/cocktails/boston-sour.webp', TRUE),
    (182, 15, 'Gin Sour', 'Gin, citron et blanc d''oeuf : le sour à l''âme vive, sec et mousseux.', '/images/cocktails/gin-sour.webp', TRUE),
    (183, 15, 'Passion Fruit Sour', 'Gin et fruit de la passion : un sour exotique, vif et crémeux.', '/images/cocktails/passion-fruit-sour.webp', TRUE),
    (184, 15, 'Raspberry Sour', 'Vodka et framboise : un sour rose, acidulé et fruité.', '/images/cocktails/raspberry-sour.webp', TRUE),
    (185, 15, 'Blackberry Sour', 'Bourbon et mûres : un sour profond, fruité et légèrement tannique.', '/images/cocktails/blackberry-sour.webp', TRUE),
    (186, 15, 'Peach Sour', 'Bourbon et pêche : un sour estival, doux et onctueux.', '/images/cocktails/peach-sour.webp', TRUE),
    (187, 16, 'Gin & Tonic', 'Gin et tonic : l''highball universel, sec, amer et désaltérant.', '/images/cocktails/gin-tonic.webp', TRUE),
    (188, 16, 'Scotch & Soda', 'Scotch et soda : l''allongé minimaliste, fumé et pur.', '/images/cocktails/scotch-soda.webp', TRUE),
    (189, 16, 'Horse''s Neck', 'Bourbon et ginger ale : un highball épicé, doux et pétillant, pochette d''orange.', '/images/cocktails/horse-s-neck.webp', TRUE),
    (190, 16, 'Gin Rickey', 'Gin, citron vert et soda : le rickey sec, vif et sans sucre.', '/images/cocktails/gin-rickey.webp', TRUE),
    (191, 16, 'Vodka Tonic', 'Vodka et tonic : l''highball neutre, amer et rafraîchissant.', '/images/cocktails/vodka-tonic.webp', TRUE),
    (192, 16, 'John Collins', 'Le Collins au bourbon : un sour allongé, doux et pétillant.', '/images/cocktails/john-collins.webp', TRUE),
    (193, 16, 'Kentucky Mule', 'Le Moscow Mule au bourbon : épicé, sucré et pétillant.', '/images/cocktails/kentucky-mule.webp', TRUE),
    (194, 16, 'Gin Buck', 'Gin et ginger ale : un highball doux, épicé et désaltérant.', '/images/cocktails/gin-buck.webp', TRUE),
    (195, 16, 'Campari & Soda', 'Campari et soda : l''apéritif italien le plus simple, amer et pétillant.', '/images/cocktails/campari-soda.webp', TRUE),
    (196, 16, 'Whisky & Soda', 'Bourbon et soda : un allongé pur, profond et rafraîchissant.', '/images/cocktails/whisky-soda.webp', TRUE),
    (197, 17, 'Orion', 'Notre signature céleste : gin, sureau et tonic, clair comme une nuit d''étoiles.', '/images/cocktails/orion.webp', TRUE),
    (198, 17, 'Supernova', 'Explosion tropicale : tequila et fruit de la passion sous une écume étoilée.', '/images/cocktails/supernova.webp', TRUE),
    (199, 17, 'Éclipse Lunaire', 'Mezcal fumé et cassis : un croissant sombre, fumé et fruité, lunaire et mystérieux.', '/images/cocktails/eclipse-lunaire.webp', TRUE),
    (200, 17, 'Tangier Express', 'Gin et thé épicé : un voyage marche-pied vers Tanger, parfumé et chaleureux.', '/images/cocktails/tangier-express.webp', TRUE),
    (201, 17, 'Kyoto Garden', 'Gin, thé vert et concombre : un jardin japonais zen, végétal et raffiné.', '/images/cocktails/kyoto-garden.webp', TRUE),
    (202, 17, 'Valkyrie', 'Gin, absinthe et Chartreuse : une walkyrie verte, herbacée, puissante et sacrée.', '/images/cocktails/valkyrie.webp', TRUE),
    (203, 17, 'Pégase', 'Gin et violette sous écume : un sour ailé, floral, bleuté et onctueux.', '/images/cocktails/pegase.webp', TRUE),
    (204, 17, 'Jardin Secret', 'Gin, basilic et concombre : un jardin secret pétillant, vert et désaltérant.', '/images/cocktails/jardin-secret.webp', TRUE),
    (205, 17, 'Mare Nostrum', 'Gin et romarin sur tonic : un highball méditerranéen, herbacé et salin.', '/images/cocktails/mare-nostrum.webp', TRUE),
    (206, 17, 'Marée Haute', 'Rhum, sureau et eau de coco : une marée haute tropicale, douce et iodée.', '/images/cocktails/maree-haute.webp', TRUE),
    (207, 17, 'Velours Noir', 'Bourbon, café et caramel : une nuit veloutée, profonde, douce et amère.', '/images/cocktails/velours-noir.webp', TRUE),
    (208, 17, 'Minuit à Cuba', 'Deux rhums et café froid : un café-cubaï à minuit, fumé, corsé et nocturne.', '/images/cocktails/minuit-a-cuba.webp', TRUE),
    (209, 17, 'Néon Bruyère', 'Gin et mûre sous écume : un néon violet, acidulé, épicé et électrique.', '/images/cocktails/neon-bruyere.webp', TRUE),
    (210, 17, 'Bruyère Fumée', 'Scotch, érable et thym fumé : un sour de lande boisé, salé et tourbé.', '/images/cocktails/bruyere-fumee.webp', TRUE),
    (211, 17, 'Provence Sundown', 'Gin, lavande et miel : un coucher de soleil provençal, floral et doré.', '/images/cocktails/provence-sundown.webp', TRUE),
    (212, 17, 'Bordelais', 'Gin, vin rouge et cassis : un spritz bordelais rouge, fruité et tannique.', '/images/cocktails/bordelais.webp', TRUE),
    (213, 17, 'Normandie', 'Calvados et érable : un sour normand pomme-érable, onctueux et automnal.', '/images/cocktails/normandie.webp', TRUE),
    (214, 17, 'Crépuscule', 'Mezcal, fruit de la passion et miel : un crépuscule fumé, doux et orangé.', '/images/cocktails/crepuscule.webp', TRUE),
    (215, 18, 'Solstice d''Été', 'Rhum et pastèque : un solstice estival, gorgé d''eau, mentholé et frais.', '/images/cocktails/solstice-d-ete.webp', TRUE),
    (216, 18, 'Primevère', 'Gin, sureau et concombre : un printemps floral, pétillant et primevère.', '/images/cocktails/primevere.webp', TRUE),
    (217, 18, 'Récolte d''Automne', 'Bourbon, pêche et érable : une récolte automnale, cacaotée et réconfortante.', '/images/cocktails/recolte-d-automne.webp', TRUE),
    (218, 18, 'Frimas Épicé', 'Bourbon et épices : un frisson d''hiver, chaleureux, épicé et doré.', '/images/cocktails/frimas-epice.webp', TRUE),
    (219, 18, 'Brume de Novembre', 'Mezcal et fruit de la passion : une brume de novembre, fumée, acide et salée.', '/images/cocktails/brume-de-novembre.webp', TRUE),
    (220, 18, 'Fleurs d''Avril', 'Gin, lavande et Prosecco : des fleurs d''avril pétillantes, douces et printanières.', '/images/cocktails/fleurs-d-avril.webp', TRUE),
    (221, 18, 'Fête des Moissons', 'Rhum, pomme et érable : une fête des moissons, fruitée, épicée et automnale.', '/images/cocktails/fete-des-moissons.webp', TRUE),
    (222, 18, 'Canicule', 'Tequila et pastèque : une canicule estivale, sucrée, mentholée et brûlante.', '/images/cocktails/canicule.webp', TRUE);

-- ---------------------------------------------------------------------------
-- Cocktail / ingredient associations
-- ---------------------------------------------------------------------------
INSERT INTO cocktail_ingredient (cocktail_id, ingredient_id, display_order, quantity_label) VALUES
    (1, 1, 1, '4 cl'),
    (1, 2, 2, '1/2 pièce'),
    (1, 3, 3, '6 feuilles'),
    (1, 5, 4, '2 cl'),
    (1, 4, 5, 'Allongé'),
    (1, 13, 6, 'Trace'),
    (2, 6, 1, '4 cl'),
    (2, 8, 2, '2 cl'),
    (2, 7, 3, '3 cl'),
    (2, 2, 4, '1 cl'),
    (3, 1, 1, '4 cl'),
    (3, 9, 2, '8 cl'),
    (3, 10, 3, '4 cl'),
    (4, 6, 1, '4 cl'),
    (4, 7, 2, '6 cl'),
    (4, 9, 3, '6 cl'),
    (5, 2, 1, '1/2 pièce'),
    (5, 3, 2, '6 feuilles'),
    (5, 12, 3, '8 cl'),
    (5, 4, 4, 'Allongé'),
    (5, 5, 5, '2 cl'),
    (7, 14, 1, '3 cl'),
    (7, 48, 2, '3 cl'),
    (7, 45, 3, '3 cl'),
    (7, 64, 4, '1 zeste'),
    (8, 21, 1, '6 cl'),
    (8, 5, 2, '1 cuillère'),
    (8, 117, 3, '3 gouttes'),
    (8, 64, 4, '1 zeste'),
    (9, 22, 1, '6 cl'),
    (9, 45, 2, '3 cl'),
    (9, 117, 3, '2 gouttes'),
    (10, 21, 1, '5 cl'),
    (10, 63, 2, '2.5 cl'),
    (10, 79, 3, '1.5 cl'),
    (10, 114, 4, '1'),
    (11, 34, 1, '5 cl'),
    (11, 63, 2, '3 cl'),
    (11, 5, 3, '1 cl'),
    (11, 114, 4, '1'),
    (12, 1, 1, '5 cl'),
    (12, 2, 2, '2.5 cl'),
    (12, 5, 3, '1.5 cl'),
    (13, 18, 1, '4 cl'),
    (13, 8, 2, '2 cl'),
    (13, 2, 3, '2 cl'),
    (13, 112, 4, '1 givre'),
    (14, 18, 1, '5 cl'),
    (14, 65, 2, '6 cl'),
    (14, 12, 3, 'Allongé'),
    (14, 2, 4, '0.5 cl'),
    (14, 112, 5, '1 pincée'),
    (15, 25, 1, '5 cl'),
    (15, 32, 2, '2 cl'),
    (15, 63, 3, '2 cl'),
    (16, 21, 1, '7 cl'),
    (16, 3, 2, '10 feuilles'),
    (16, 5, 3, '1 cuillère'),
    (17, 21, 1, '4.5 cl'),
    (17, 48, 2, '3 cl'),
    (17, 45, 3, '3 cl'),
    (18, 6, 1, '5 cl'),
    (18, 35, 2, '2 cl'),
    (19, 6, 1, '5 cl'),
    (19, 35, 2, '2 cl'),
    (19, 129, 3, '1.5 cl'),
    (20, 14, 1, '4 cl'),
    (20, 63, 2, '3 cl'),
    (20, 79, 3, '1.5 cl'),
    (20, 4, 4, 'Allongé'),
    (21, 14, 1, '4 cl'),
    (21, 63, 2, '3 cl'),
    (21, 79, 3, '1.5 cl'),
    (21, 4, 4, 'Allongé'),
    (22, 14, 1, '3 cl'),
    (22, 63, 2, '2 cl'),
    (22, 79, 3, '1 cl'),
    (22, 56, 4, 'Allongé'),
    (23, 25, 1, '6 cl'),
    (23, 30, 2, '1 trait'),
    (23, 5, 3, '1 cuillère'),
    (23, 117, 4, '3 gouttes'),
    (24, 14, 1, '4.5 cl'),
    (24, 41, 2, '1.5 cl'),
    (24, 40, 3, '1 cl'),
    (24, 63, 4, '1.5 cl'),
    (25, 14, 1, '3 cl'),
    (25, 42, 2, '3 cl'),
    (25, 41, 3, '3 cl'),
    (25, 2, 4, '3 cl'),
    (26, 21, 1, '3 cl'),
    (26, 49, 2, '3 cl'),
    (26, 36, 3, '3 cl'),
    (26, 63, 4, '3 cl'),
    (27, 23, 1, '6 cl'),
    (27, 63, 2, '2 cl'),
    (27, 81, 3, '1.5 cl'),
    (27, 105, 4, '3 tranches'),
    (28, 14, 1, '6 cl'),
    (28, 6, 2, '1.5 cl'),
    (28, 53, 3, '1.5 cl'),
    (29, 14, 1, '5 cl'),
    (29, 70, 2, '1.5 cl'),
    (29, 63, 3, '2 cl'),
    (29, 114, 4, '1'),
    (30, 14, 1, '5 cl'),
    (30, 63, 2, '2 cl'),
    (30, 79, 3, '1.5 cl'),
    (30, 129, 4, '3 cl'),
    (30, 114, 5, '1'),
    (31, 29, 1, '4.5 cl'),
    (31, 45, 2, '3 cl'),
    (31, 41, 3, '1 cl'),
    (31, 118, 4, '2 gouttes'),
    (32, 14, 1, '3 cl'),
    (32, 32, 2, '3 cl'),
    (32, 53, 3, '3 cl'),
    (32, 63, 4, '3 cl'),
    (32, 30, 5, '1 trait'),
    (33, 14, 1, '5 cl'),
    (33, 48, 2, '1.5 cl'),
    (33, 45, 3, '1.5 cl'),
    (34, 14, 1, '4 cl'),
    (34, 32, 2, '3 cl'),
    (34, 63, 3, '2 cl'),
    (34, 114, 4, '1'),
    (35, 14, 1, '5 cl'),
    (35, 63, 2, '2 cl'),
    (35, 81, 3, '2 cl'),
    (36, 28, 1, '6 cl'),
    (36, 2, 2, '1/2 pièce'),
    (36, 5, 3, '2 cuillères'),
    (37, 48, 1, '3 cl'),
    (37, 45, 2, '3 cl'),
    (37, 4, 3, 'Allongé'),
    (37, 64, 4, '1 zeste'),
    (38, 1, 1, '6 cl'),
    (38, 41, 2, '1 cl'),
    (38, 65, 3, '3 cl'),
    (38, 2, 4, '1.5 cl'),
    (39, 21, 1, '6 cl'),
    (39, 63, 2, '2.5 cl'),
    (39, 81, 3, '2 cl'),
    (40, 14, 1, '5 cl'),
    (40, 70, 2, '1.5 cl'),
    (40, 63, 3, '2 cl'),
    (40, 3, 4, '4 feuilles'),
    (40, 114, 5, '1'),
    (41, 15, 1, '5 cl'),
    (41, 47, 2, '3 cl'),
    (41, 32, 3, '1 cl'),
    (41, 118, 4, '1 trait'),
    (42, 6, 1, '4 cl'),
    (42, 35, 2, '1 cl'),
    (42, 110, 3, '1 shot'),
    (43, 6, 1, '4 cl'),
    (43, 36, 2, '1 cl'),
    (43, 76, 3, '2 cl'),
    (43, 109, 4, '1 trait'),
    (43, 57, 5, 'Allongé'),
    (44, 6, 1, '1.5 cl'),
    (44, 14, 2, '1.5 cl'),
    (44, 1, 3, '1.5 cl'),
    (44, 18, 4, '1.5 cl'),
    (44, 8, 5, '1.5 cl'),
    (44, 2, 6, '2 cl'),
    (44, 95, 7, 'Allongé'),
    (45, 6, 1, '4 cl'),
    (45, 77, 2, '8 cl'),
    (45, 63, 3, '1 cl'),
    (45, 121, 4, '2 gouttes'),
    (45, 112, 5, '1 pincée'),
    (45, 106, 6, '1 trait'),
    (46, 14, 1, '5 cl'),
    (46, 63, 2, '2 cl'),
    (46, 79, 3, '1 cl'),
    (46, 38, 4, '1.5 cl'),
    (47, 6, 1, '4 cl'),
    (47, 50, 2, '2 cl'),
    (47, 63, 3, '2 cl'),
    (47, 79, 4, '1 cl'),
    (48, 1, 1, '4 cl'),
    (48, 6, 2, '2 cl'),
    (48, 8, 3, '2 cl'),
    (48, 9, 4, '4 cl'),
    (49, 6, 1, '4 cl'),
    (49, 50, 2, '1.5 cl'),
    (49, 7, 3, '3 cl'),
    (49, 2, 4, '0.5 cl'),
    (50, 6, 1, '4 cl'),
    (50, 8, 2, '1.5 cl'),
    (50, 7, 3, '2 cl'),
    (50, 2, 4, '1 cl'),
    (50, 4, 5, 'Allongé'),
    (51, 15, 1, '4 cl'),
    (51, 16, 2, '2 cl'),
    (51, 88, 3, '2 cl'),
    (51, 2, 4, '2 cl'),
    (51, 87, 5, '1 cl'),
    (52, 15, 1, '6 cl'),
    (52, 9, 2, '4 cl'),
    (52, 10, 3, '2 cl'),
    (52, 64, 4, '2 cl'),
    (53, 1, 1, '4 cl'),
    (53, 52, 2, '1 cl'),
    (53, 8, 3, '1 cl'),
    (53, 2, 4, '2 cl'),
    (54, 1, 1, '3 cl'),
    (54, 25, 2, '2 cl'),
    (54, 32, 3, '2 cl'),
    (54, 2, 4, '2 cl'),
    (55, 6, 1, '4 cl'),
    (55, 9, 2, '6 cl'),
    (55, 10, 3, '2 cl'),
    (56, 1, 1, '3 cl'),
    (56, 15, 2, '3 cl'),
    (56, 75, 3, '4 cl'),
    (56, 2, 4, '1 cl'),
    (57, 1, 1, '5 cl'),
    (57, 9, 2, '2 cl'),
    (57, 41, 3, '1 cl'),
    (57, 11, 4, '1 cl'),
    (58, 15, 1, '5 cl'),
    (58, 9, 2, '5 cl'),
    (58, 11, 3, '1 cl'),
    (59, 18, 1, '4 cl'),
    (59, 130, 2, '6 cl'),
    (59, 11, 3, '1 cl'),
    (60, 1, 1, '4 cl'),
    (60, 66, 2, '4 cl'),
    (60, 2, 3, '1.5 cl'),
    (60, 88, 4, '1 cl'),
    (61, 18, 1, '4 cl'),
    (61, 8, 2, '1.5 cl'),
    (61, 66, 3, '3 cl'),
    (61, 70, 4, '1 cl'),
    (61, 2, 5, '1 cl'),
    (62, 1, 1, '5 cl'),
    (62, 2, 2, '1/2 pièce'),
    (62, 3, 3, '6 feuilles'),
    (62, 75, 4, '2 cl'),
    (62, 4, 5, 'Allongé'),
    (63, 49, 1, '6 cl'),
    (63, 57, 2, '9 cl'),
    (63, 4, 3, '1 trait'),
    (63, 64, 4, '1 tranche'),
    (64, 36, 1, '4 cl'),
    (64, 57, 2, '9 cl'),
    (64, 3, 3, '4 feuilles'),
    (64, 2, 4, '1 trait'),
    (64, 4, 5, '1 trait'),
    (65, 48, 1, '3 cl'),
    (65, 45, 2, '3 cl'),
    (65, 57, 3, 'Allongé'),
    (65, 64, 4, '1 tranche'),
    (66, 49, 1, '4 cl'),
    (66, 57, 2, '6 cl'),
    (66, 4, 3, '2 cl'),
    (66, 2, 4, '1 trait'),
    (67, 48, 1, '5 cl'),
    (67, 57, 2, '6 cl'),
    (67, 4, 3, '2 cl'),
    (67, 64, 4, '1 tranche'),
    (68, 49, 1, '3 cl'),
    (68, 48, 2, '3 cl'),
    (68, 57, 3, '6 cl'),
    (68, 4, 4, '2 cl'),
    (69, 57, 1, '8 cl'),
    (69, 37, 2, '2 cl'),
    (69, 2, 3, '1 cl'),
    (69, 4, 4, '1 trait'),
    (70, 61, 1, '6 cl'),
    (70, 57, 2, '6 cl'),
    (70, 88, 3, '1 cl'),
    (70, 2, 4, '1 trait'),
    (71, 14, 1, '3 cl'),
    (71, 36, 2, '2 cl'),
    (71, 57, 3, '6 cl'),
    (71, 65, 4, '3 cl'),
    (72, 15, 1, '3 cl'),
    (72, 16, 2, '3 cl'),
    (72, 32, 3, '1.5 cl'),
    (72, 86, 4, '1.5 cl'),
    (72, 2, 5, '2 cl'),
    (73, 15, 1, '3 cl'),
    (73, 16, 2, '3 cl'),
    (73, 1, 3, '2 cl'),
    (73, 32, 4, '1.5 cl'),
    (73, 87, 5, '1 cl'),
    (73, 88, 6, '1.5 cl'),
    (73, 2, 7, '2 cl'),
    (73, 117, 8, '2 gouttes'),
    (74, 15, 1, '3 cl'),
    (74, 16, 2, '3 cl'),
    (74, 25, 3, '1 cl'),
    (74, 65, 4, '2 cl'),
    (74, 2, 5, '2 cl'),
    (74, 81, 6, '1 cl'),
    (75, 15, 1, '4 cl'),
    (75, 87, 2, '1.5 cl'),
    (75, 76, 3, '1.5 cl'),
    (75, 2, 4, '2 cl'),
    (75, 117, 5, '2 gouttes'),
    (75, 106, 6, '1 trait'),
    (76, 15, 1, '4 cl'),
    (76, 32, 2, '1 cl'),
    (76, 42, 3, '1 cl'),
    (76, 87, 4, '1 cl'),
    (76, 2, 5, '2 cl'),
    (76, 118, 6, '2 gouttes'),
    (77, 1, 1, '4 cl'),
    (77, 25, 2, '2 cl'),
    (77, 130, 3, '4 cl'),
    (77, 9, 4, '2 cl'),
    (77, 63, 5, '1 cl'),
    (78, 16, 1, '5 cl'),
    (78, 53, 2, '2 cl'),
    (78, 2, 3, '2 cl'),
    (78, 88, 4, '1 cl'),
    (78, 30, 5, '1 trait'),
    (79, 15, 1, '5 cl'),
    (79, 38, 2, '1.5 cl'),
    (79, 2, 3, '2 cl'),
    (79, 93, 4, 'Allongé'),
    (80, 15, 1, '4 cl'),
    (80, 86, 2, '2 cl'),
    (80, 76, 3, '2 cl'),
    (80, 2, 4, '2 cl'),
    (81, 15, 1, '3 cl'),
    (81, 16, 2, '2 cl'),
    (81, 32, 3, '1 cl'),
    (81, 87, 4, '1 cl'),
    (81, 42, 5, '1 cl'),
    (81, 2, 6, '2 cl'),
    (82, 17, 1, '5 cl'),
    (82, 9, 2, '4 cl'),
    (82, 10, 3, '1.5 cl'),
    (82, 11, 4, '1 cl'),
    (83, 1, 1, '4 cl'),
    (83, 75, 2, '2 cl'),
    (83, 9, 3, '4 cl'),
    (83, 70, 4, '1.5 cl'),
    (84, 12, 1, '6 cl'),
    (84, 11, 2, '1.5 cl'),
    (84, 2, 3, '1 trait'),
    (85, 9, 1, '6 cl'),
    (85, 10, 2, '3 cl'),
    (85, 2, 3, '1 cl'),
    (86, 9, 1, '5 cl'),
    (86, 10, 2, '3 cl'),
    (86, 75, 3, '2 cl'),
    (86, 2, 4, '1 cl'),
    (87, 2, 1, '1/2 pièce'),
    (87, 3, 2, '8 feuilles'),
    (87, 5, 3, '2 cl'),
    (87, 12, 4, '8 cl'),
    (87, 4, 5, 'Allongé'),
    (88, 104, 1, '4 tranches'),
    (88, 2, 2, '2 cl'),
    (88, 79, 3, '1.5 cl'),
    (88, 4, 4, 'Allongé'),
    (88, 3, 5, '4 feuilles'),
    (89, 100, 1, '5 feuilles'),
    (89, 63, 2, '2 cl'),
    (89, 90, 3, '1.5 cl'),
    (89, 4, 4, 'Allongé'),
    (90, 12, 1, '6 cl'),
    (90, 11, 2, '1.5 cl'),
    (90, 128, 3, '1 trait'),
    (90, 63, 4, '1 cl'),
    (91, 71, 1, '3'),
    (91, 72, 2, '3'),
    (91, 79, 3, '1 cl'),
    (91, 62, 4, 'Allongé'),
    (91, 2, 5, '1 trait'),
    (92, 66, 1, '4 cl'),
    (92, 9, 2, '4 cl'),
    (92, 11, 3, '1 cl'),
    (92, 2, 4, '1 cl'),
    (93, 77, 1, '8 cl'),
    (93, 63, 2, '1 cl'),
    (93, 112, 3, '1 pincée'),
    (93, 106, 4, '1 trait'),
    (93, 78, 5, '2 cl'),
    (94, 63, 1, '2 cl'),
    (94, 64, 2, '2 cl'),
    (94, 65, 3, '2 cl'),
    (94, 80, 4, '1 cl'),
    (94, 4, 5, 'Allongé'),
    (95, 73, 1, '5'),
    (95, 63, 2, '2 cl'),
    (95, 79, 3, '1.5 cl'),
    (95, 4, 4, 'Allongé'),
    (95, 3, 5, '4 feuilles'),
    (96, 67, 1, '5 cl'),
    (96, 85, 2, '1.5 cl'),
    (96, 63, 3, '1 cl'),
    (96, 4, 4, 'Allongé'),
    (97, 65, 1, '6 cl'),
    (97, 12, 2, 'Allongé'),
    (97, 2, 3, '1 cl'),
    (97, 112, 4, '1 pincée'),
    (98, 74, 1, '4 cl'),
    (98, 2, 2, '2 cl'),
    (98, 3, 3, '6 feuilles'),
    (98, 80, 4, '1 cl'),
    (98, 4, 5, 'Allongé'),
    (99, 70, 1, '2 cl'),
    (99, 12, 2, '6 cl'),
    (99, 63, 3, '1 cl'),
    (99, 79, 4, '1 cl'),
    (100, 66, 1, '5 cl'),
    (100, 75, 2, '2 cl'),
    (100, 2, 3, '1 cl'),
    (100, 81, 4, '1 cl'),
    (100, 4, 5, '1 trait'),
    (101, 97, 1, '4 cl'),
    (101, 104, 2, '3 tranches'),
    (101, 100, 3, '4 feuilles'),
    (101, 2, 4, '1.5 cl'),
    (101, 92, 5, 'Allongé'),
    (102, 98, 1, '4 cl'),
    (102, 9, 2, '3 cl'),
    (102, 130, 3, '3 cl'),
    (102, 11, 4, '1 cl'),
    (102, 2, 5, '1 cl'),
    (103, 116, 1, '3 cl'),
    (103, 92, 2, 'Allongé'),
    (103, 83, 3, '1 cl'),
    (103, 2, 4, '1 trait'),
    (104, 122, 1, '5 cl'),
    (104, 63, 2, '2 cl'),
    (104, 5, 3, '1.5 cl'),
    (104, 4, 4, 'Allongé'),
    (105, 75, 1, '4 cl'),
    (105, 2, 2, '3 cl'),
    (105, 80, 3, '1.5 cl'),
    (105, 4, 4, 'Allongé'),
    (106, 67, 1, '6 cl'),
    (106, 107, 2, '1 bâton'),
    (106, 125, 3, '2'),
    (106, 126, 4, '1'),
    (106, 63, 5, '1 cl'),
    (107, 69, 1, '2 cl'),
    (107, 70, 2, '1 cl'),
    (107, 63, 3, '1 cl'),
    (107, 12, 4, 'Allongé'),
    (108, 104, 1, '4 tranches'),
    (108, 3, 2, '6 feuilles'),
    (108, 2, 3, '1 cl'),
    (108, 92, 4, 'Allongé'),
    (109, 72, 1, '5'),
    (109, 12, 2, '6 cl'),
    (109, 63, 3, '1 cl'),
    (109, 79, 4, '1 cl'),
    (109, 101, 5, '1 brin'),
    (110, 2, 1, '3 cl'),
    (110, 130, 2, '2 cl'),
    (110, 80, 3, '1.5 cl'),
    (110, 112, 4, '1 givre'),
    (111, 76, 1, '2 cl'),
    (111, 2, 2, '2 cl'),
    (111, 88, 3, '1 cl'),
    (111, 4, 4, 'Allongé'),
    (112, 68, 1, '4 cl'),
    (112, 82, 2, '1.5 cl'),
    (112, 63, 3, '1 cl'),
    (112, 4, 4, 'Allongé'),
    (113, 71, 1, '4'),
    (113, 100, 2, '5 feuilles'),
    (113, 12, 3, '6 cl'),
    (113, 63, 4, '1 cl'),
    (113, 79, 5, '1 cl'),
    (114, 111, 1, '2 cl'),
    (114, 83, 2, '1 cl'),
    (114, 79, 3, '1 cl'),
    (114, 4, 4, 'Allongé'),
    (115, 130, 1, '5 cl'),
    (115, 124, 2, '2 gousses'),
    (115, 81, 3, '1 cl'),
    (115, 4, 4, 'Allongé'),
    (116, 14, 1, '6 cl'),
    (116, 46, 2, '1 cl'),
    (116, 63, 3, '1 zeste'),
    (117, 14, 1, '5 cl'),
    (117, 46, 2, '1 cl'),
    (117, 112, 3, '1 trait'),
    (118, 14, 1, '5 cl'),
    (118, 2, 2, '2 cl'),
    (118, 79, 3, '1.5 cl'),
    (119, 14, 1, '5 cl'),
    (119, 63, 2, '2 cl'),
    (119, 79, 3, '1.5 cl'),
    (119, 100, 4, '8 feuilles'),
    (120, 14, 1, '3 cl'),
    (120, 32, 2, '1 cl'),
    (120, 44, 3, '1 cl'),
    (120, 9, 4, '3 cl'),
    (120, 11, 5, '1 cl'),
    (120, 63, 6, '1.5 cl'),
    (121, 14, 1, '5 cl'),
    (121, 2, 2, '2 cl'),
    (121, 79, 3, '1.5 cl'),
    (121, 3, 4, '6 feuilles'),
    (122, 14, 1, '4 cl'),
    (122, 2, 2, '2 cl'),
    (122, 3, 3, '6 feuilles'),
    (122, 93, 4, 'Allongé'),
    (123, 14, 1, '3 cl'),
    (123, 42, 2, '3 cl'),
    (123, 32, 3, '1 cl'),
    (123, 118, 4, '2 gouttes'),
    (124, 14, 1, '4 cl'),
    (124, 122, 2, '2 cl'),
    (124, 63, 3, '1.5 cl'),
    (124, 79, 4, '1 cl'),
    (125, 14, 1, '4 cl'),
    (125, 36, 2, '1.5 cl'),
    (125, 104, 3, '3 tranches'),
    (125, 2, 4, '1 cl'),
    (125, 92, 5, 'Allongé'),
    (126, 16, 1, '5 cl'),
    (126, 93, 2, 'Allongé'),
    (126, 2, 3, '1 trait'),
    (127, 1, 1, '5 cl'),
    (127, 95, 2, 'Allongé'),
    (127, 2, 3, '1 cl'),
    (128, 1, 1, '4 cl'),
    (128, 9, 2, '2 cl'),
    (128, 41, 3, '1 cl'),
    (128, 2, 4, '1.5 cl'),
    (129, 1, 1, '4 cl'),
    (129, 41, 2, '1 cl'),
    (129, 65, 3, '1 cl'),
    (129, 11, 4, '1 cl'),
    (129, 2, 5, '1 cl'),
    (130, 1, 1, '5 cl'),
    (130, 11, 2, '1 cl'),
    (130, 2, 3, '2 cl'),
    (131, 15, 1, '4 cl'),
    (131, 38, 2, '1 cl'),
    (131, 50, 3, '1 cl'),
    (131, 11, 4, '1 cl'),
    (131, 2, 5, '1 cl'),
    (132, 15, 1, '5 cl'),
    (132, 53, 2, '2 cl'),
    (132, 44, 3, '1 cl'),
    (132, 118, 4, '2 gouttes'),
    (133, 15, 1, '4 cl'),
    (133, 16, 2, '2 cl'),
    (133, 86, 3, '2 cl'),
    (133, 81, 4, '1 cl'),
    (133, 2, 5, '1 cl'),
    (134, 15, 1, '4 cl'),
    (134, 130, 2, '3 cl'),
    (134, 9, 3, '2 cl'),
    (134, 88, 4, '1 cl'),
    (134, 2, 5, '1 cl'),
    (135, 15, 1, '4 cl'),
    (135, 48, 2, '2 cl'),
    (135, 46, 3, '2 cl'),
    (135, 2, 4, '1 cl'),
    (136, 6, 1, '5 cl'),
    (136, 93, 2, 'Allongé'),
    (136, 2, 3, '1 trait'),
    (137, 6, 1, '4 cl'),
    (137, 7, 2, '4 cl'),
    (137, 65, 3, '3 cl'),
    (138, 6, 1, '4 cl'),
    (138, 7, 2, '4 cl'),
    (138, 130, 3, '3 cl'),
    (139, 6, 1, '4 cl'),
    (139, 7, 2, '6 cl'),
    (139, 2, 3, '1 trait'),
    (140, 6, 1, '4 cl'),
    (140, 65, 2, '8 cl'),
    (141, 6, 1, '4 cl'),
    (141, 65, 2, '8 cl'),
    (141, 112, 3, '1 givre'),
    (142, 6, 1, '4 cl'),
    (142, 130, 2, '8 cl'),
    (143, 6, 1, '4 cl'),
    (143, 130, 2, '6 cl'),
    (143, 52, 3, '1.5 cl'),
    (144, 6, 1, '5 cl'),
    (144, 2, 2, '2 cl'),
    (144, 79, 3, '1.5 cl'),
    (145, 6, 1, '4 cl'),
    (145, 66, 2, '4 cl'),
    (145, 130, 3, '2 cl'),
    (145, 2, 4, '1 cl'),
    (146, 18, 1, '5 cl'),
    (146, 2, 2, '2 cl'),
    (146, 80, 3, '1.5 cl'),
    (147, 18, 1, '4 cl'),
    (147, 130, 2, '6 cl'),
    (147, 11, 3, '1 cl'),
    (148, 20, 1, '3 cl'),
    (148, 48, 2, '3 cl'),
    (148, 45, 3, '3 cl'),
    (149, 20, 1, '3 cl'),
    (149, 19, 2, '3 cl'),
    (149, 80, 3, '1 cl'),
    (149, 117, 4, '2 gouttes'),
    (150, 20, 1, '3 cl'),
    (150, 42, 2, '3 cl'),
    (150, 41, 3, '2 cl'),
    (150, 2, 4, '2 cl'),
    (151, 19, 1, '4 cl'),
    (151, 48, 2, '1.5 cl'),
    (151, 46, 3, '1 cl'),
    (151, 45, 4, '1 cl'),
    (151, 118, 5, '2 gouttes'),
    (152, 18, 1, '4 cl'),
    (152, 8, 2, '2 cl'),
    (152, 2, 3, '2 cl'),
    (152, 79, 4, '1.5 cl'),
    (153, 18, 1, '4 cl'),
    (153, 8, 2, '1.5 cl'),
    (153, 2, 3, '2 cl'),
    (153, 80, 4, '1 cl'),
    (153, 106, 5, '2 tranches'),
    (154, 23, 1, '5 cl'),
    (154, 34, 2, '2 cl'),
    (155, 23, 1, '5 cl'),
    (155, 51, 2, '2 cl'),
    (156, 22, 1, '5 cl'),
    (156, 32, 2, '1 cl'),
    (156, 11, 3, '1 cl'),
    (156, 2, 4, '1 cl'),
    (156, 63, 5, '1 cl'),
    (157, 21, 1, '5 cl'),
    (157, 63, 2, '2 cl'),
    (157, 79, 3, '1.5 cl'),
    (157, 59, 4, '1 cl'),
    (158, 23, 1, '3 cl'),
    (158, 45, 2, '1.5 cl'),
    (158, 130, 3, '3 cl'),
    (158, 39, 4, '1.5 cl'),
    (159, 23, 1, '5 cl'),
    (159, 45, 2, '2 cl'),
    (159, 44, 3, '1 cl'),
    (159, 118, 4, '2 gouttes'),
    (160, 23, 1, '5 cl'),
    (160, 45, 2, '2 cl'),
    (160, 117, 3, '2 gouttes'),
    (160, 64, 4, '1 zeste'),
    (161, 23, 1, '4 cl'),
    (161, 4, 2, 'Allongé'),
    (162, 57, 1, '8 cl'),
    (162, 69, 2, '2 cl'),
    (163, 56, 1, '7 cl'),
    (163, 130, 2, '3 cl'),
    (164, 60, 1, '9 cl'),
    (164, 37, 2, '1 cl'),
    (165, 56, 1, '9 cl'),
    (165, 37, 2, '1 cl'),
    (166, 56, 1, '9 cl'),
    (166, 5, 2, '1 cuillère'),
    (166, 117, 3, '2 gouttes'),
    (167, 56, 1, '9 cl'),
    (167, 30, 2, '1.5 cl'),
    (168, 57, 1, '7 cl'),
    (168, 37, 2, '1 cl'),
    (168, 69, 3, '1 cl'),
    (169, 56, 1, '8 cl'),
    (169, 38, 2, '2 cl'),
    (170, 57, 1, '8 cl'),
    (170, 36, 2, '1.5 cl'),
    (170, 2, 3, '1 trait'),
    (171, 57, 1, '7 cl'),
    (171, 9, 2, '3 cl'),
    (172, 24, 1, '5 cl'),
    (172, 110, 2, '6 cl'),
    (172, 5, 3, '1 cuillère'),
    (172, 129, 4, '2 cl'),
    (173, 25, 1, '4 cl'),
    (173, 55, 2, '2 cl'),
    (173, 129, 3, '2 cl'),
    (173, 108, 4, '1 pincée'),
    (174, 14, 1, '4 cl'),
    (174, 55, 2, '2 cl'),
    (174, 129, 3, '2 cl'),
    (174, 108, 4, '1 pincée'),
    (175, 54, 1, '3 cl'),
    (175, 55, 2, '3 cl'),
    (175, 129, 3, '2 cl'),
    (176, 35, 1, '2 cl'),
    (176, 129, 2, '2 cl'),
    (176, 8, 3, '2 cl'),
    (177, 6, 1, '3 cl'),
    (177, 35, 2, '3 cl'),
    (177, 129, 3, '2 cl'),
    (178, 24, 1, '4 cl'),
    (178, 110, 2, '5 cl'),
    (178, 89, 3, '1 cl'),
    (178, 129, 4, '2 cl'),
    (179, 6, 1, '4 cl'),
    (179, 55, 2, '2 cl'),
    (179, 83, 3, '1 cl'),
    (180, 31, 1, '5 cl'),
    (180, 63, 2, '2 cl'),
    (180, 79, 3, '1.5 cl'),
    (180, 114, 4, '1'),
    (181, 21, 1, '5 cl'),
    (181, 63, 2, '2.5 cl'),
    (181, 79, 3, '1.5 cl'),
    (181, 114, 4, '1'),
    (182, 14, 1, '5 cl'),
    (182, 63, 2, '2.5 cl'),
    (182, 79, 3, '1.5 cl'),
    (182, 114, 4, '1'),
    (183, 14, 1, '4 cl'),
    (183, 76, 2, '2 cl'),
    (183, 63, 3, '1.5 cl'),
    (183, 79, 4, '1 cl'),
    (183, 114, 5, '1'),
    (184, 6, 1, '5 cl'),
    (184, 70, 2, '2 cl'),
    (184, 63, 3, '2 cl'),
    (184, 79, 4, '1 cl'),
    (184, 114, 5, '1'),
    (185, 21, 1, '5 cl'),
    (185, 72, 2, '4'),
    (185, 63, 3, '2 cl'),
    (185, 79, 4, '1.5 cl'),
    (185, 114, 5, '1'),
    (186, 21, 1, '5 cl'),
    (186, 69, 2, '2 cl'),
    (186, 63, 3, '2 cl'),
    (186, 79, 4, '1 cl'),
    (186, 114, 5, '1'),
    (187, 14, 1, '5 cl'),
    (187, 92, 2, 'Allongé'),
    (187, 2, 3, '1 tranche'),
    (188, 23, 1, '5 cl'),
    (188, 4, 2, 'Allongé'),
    (189, 21, 1, '5 cl'),
    (189, 94, 2, 'Allongé'),
    (189, 64, 3, '1 zeste'),
    (190, 14, 1, '5 cl'),
    (190, 2, 2, '2 cl'),
    (190, 4, 3, 'Allongé'),
    (191, 6, 1, '5 cl'),
    (191, 92, 2, 'Allongé'),
    (191, 2, 3, '1 tranche'),
    (192, 21, 1, '5 cl'),
    (192, 63, 2, '2 cl'),
    (192, 79, 3, '1.5 cl'),
    (192, 4, 4, 'Allongé'),
    (193, 21, 1, '5 cl'),
    (193, 93, 2, 'Allongé'),
    (193, 2, 3, '1 trait'),
    (194, 14, 1, '5 cl'),
    (194, 94, 2, 'Allongé'),
    (194, 63, 3, '1 cl'),
    (195, 48, 1, '5 cl'),
    (195, 4, 2, 'Allongé'),
    (195, 64, 3, '1 tranche'),
    (196, 21, 1, '5 cl'),
    (196, 4, 2, 'Allongé'),
    (197, 14, 1, '4 cl'),
    (197, 36, 2, '1.5 cl'),
    (197, 2, 3, '2 cl'),
    (197, 79, 4, '1 cl'),
    (197, 92, 5, 'Allongé'),
    (198, 18, 1, '4 cl'),
    (198, 76, 2, '2 cl'),
    (198, 2, 3, '1.5 cl'),
    (198, 88, 4, '1 cl'),
    (198, 115, 5, '1 trait'),
    (199, 20, 1, '4 cl'),
    (199, 37, 2, '1 cl'),
    (199, 2, 3, '1.5 cl'),
    (199, 79, 4, '1 cl'),
    (199, 113, 5, '1 pincée'),
    (200, 14, 1, '4 cl'),
    (200, 122, 2, '2 cl'),
    (200, 124, 3, '2 gousses'),
    (200, 63, 4, '1.5 cl'),
    (200, 81, 5, '1 cl'),
    (201, 14, 1, '4 cl'),
    (201, 123, 2, '2 cl'),
    (201, 104, 3, '3 tranches'),
    (201, 2, 4, '1.5 cl'),
    (201, 79, 5, '1 cl'),
    (202, 14, 1, '4 cl'),
    (202, 30, 2, '0.5 cl'),
    (202, 42, 3, '1 cl'),
    (202, 2, 4, '1.5 cl'),
    (202, 79, 5, '1 cl'),
    (203, 14, 1, '4 cl'),
    (203, 40, 2, '1 cl'),
    (203, 63, 3, '2 cl'),
    (203, 79, 4, '1 cl'),
    (203, 114, 5, '1'),
    (204, 14, 1, '4 cl'),
    (204, 100, 2, '8 feuilles'),
    (204, 104, 3, '3 tranches'),
    (204, 2, 4, '1.5 cl'),
    (204, 90, 5, '1 cl'),
    (204, 4, 6, 'Allongé'),
    (205, 14, 1, '4 cl'),
    (205, 101, 2, '1 brin'),
    (205, 63, 3, '1.5 cl'),
    (205, 91, 4, '1 cl'),
    (205, 92, 5, 'Allongé'),
    (206, 15, 1, '4 cl'),
    (206, 36, 2, '1 cl'),
    (206, 2, 3, '1.5 cl'),
    (206, 96, 4, '2 cl'),
    (206, 79, 5, '1 cl'),
    (207, 21, 1, '4 cl'),
    (207, 35, 2, '1.5 cl'),
    (207, 89, 3, '1 cl'),
    (207, 119, 4, '2 gouttes'),
    (208, 15, 1, '3 cl'),
    (208, 16, 2, '2 cl'),
    (208, 116, 3, '2 cl'),
    (208, 81, 4, '1 cl'),
    (208, 117, 5, '2 gouttes'),
    (209, 14, 1, '4 cl'),
    (209, 38, 2, '1.5 cl'),
    (209, 2, 3, '1.5 cl'),
    (209, 85, 4, '1 cl'),
    (209, 115, 5, '1 trait'),
    (210, 23, 1, '4 cl'),
    (210, 82, 2, '1.5 cl'),
    (210, 102, 3, '2 brins'),
    (210, 117, 4, '2 gouttes'),
    (210, 113, 5, '1 pincée'),
    (211, 14, 1, '4 cl'),
    (211, 127, 2, '1 brin'),
    (211, 63, 3, '1.5 cl'),
    (211, 81, 4, '1 cl'),
    (211, 4, 5, 'Allongé'),
    (212, 14, 1, '4 cl'),
    (212, 59, 2, '2 cl'),
    (212, 37, 3, '1 cl'),
    (212, 63, 4, '1 cl'),
    (212, 118, 5, '2 gouttes'),
    (213, 27, 1, '4 cl'),
    (213, 82, 2, '1.5 cl'),
    (213, 63, 3, '1.5 cl'),
    (213, 117, 4, '2 gouttes'),
    (213, 114, 5, '1'),
    (214, 20, 1, '4 cl'),
    (214, 76, 2, '2 cl'),
    (214, 81, 3, '1 cl'),
    (214, 2, 4, '1.5 cl'),
    (214, 118, 5, '2 gouttes'),
    (215, 1, 1, '4 cl'),
    (215, 74, 2, '4 cl'),
    (215, 2, 3, '1.5 cl'),
    (215, 3, 4, '6 feuilles'),
    (215, 79, 5, '1 cl'),
    (216, 14, 1, '4 cl'),
    (216, 36, 2, '1 cl'),
    (216, 2, 3, '1.5 cl'),
    (216, 104, 4, '3 tranches'),
    (216, 92, 5, 'Allongé'),
    (217, 21, 1, '4 cl'),
    (217, 69, 2, '2 cl'),
    (217, 82, 3, '1 cl'),
    (217, 63, 4, '1.5 cl'),
    (217, 119, 5, '2 gouttes'),
    (218, 21, 1, '4 cl'),
    (218, 84, 2, '1.5 cl'),
    (218, 81, 3, '1 cl'),
    (218, 125, 4, '2'),
    (218, 117, 5, '2 gouttes'),
    (219, 20, 1, '4 cl'),
    (219, 88, 2, '1 cl'),
    (219, 2, 3, '1.5 cl'),
    (219, 120, 4, '2 gouttes'),
    (219, 113, 5, '1 pincée'),
    (220, 14, 1, '4 cl'),
    (220, 127, 2, '1 brin'),
    (220, 63, 3, '1.5 cl'),
    (220, 79, 4, '1 cl'),
    (220, 57, 5, 'Allongé'),
    (221, 15, 1, '4 cl'),
    (221, 67, 2, '4 cl'),
    (221, 82, 3, '1 cl'),
    (221, 107, 4, '1 bâton'),
    (221, 63, 5, '1 cl'),
    (222, 18, 1, '4 cl'),
    (222, 74, 2, '4 cl'),
    (222, 2, 3, '1.5 cl'),
    (222, 80, 4, '1 cl'),
    (222, 3, 5, '4 feuilles');

-- ---------------------------------------------------------------------------
-- Prices: S, M and L for every cocktail.
-- ---------------------------------------------------------------------------
INSERT INTO cocktail_price (cocktail_id, size, price, active) VALUES
    (1, 'S', 8.50, TRUE),
    (1, 'M', 10.50, TRUE),
    (1, 'L', 12.50, TRUE),
    (2, 'S', 9.00, TRUE),
    (2, 'M', 11.00, TRUE),
    (2, 'L', 13.00, FALSE),
    (3, 'S', 9.50, TRUE),
    (3, 'M', 11.50, TRUE),
    (3, 'L', 13.50, TRUE),
    (4, 'S', 9.00, TRUE),
    (4, 'M', 11.00, TRUE),
    (4, 'L', 13.00, TRUE),
    (5, 'S', 6.50, TRUE),
    (5, 'M', 8.00, TRUE),
    (5, 'L', 9.50, TRUE),
    (7, 'S', 9.50, TRUE),
    (7, 'M', 12.00, TRUE),
    (7, 'L', 15.00, TRUE),
    (8, 'S', 10.00, TRUE),
    (8, 'M', 12.50, TRUE),
    (8, 'L', 15.50, TRUE),
    (9, 'S', 10.50, TRUE),
    (9, 'M', 13.00, TRUE),
    (9, 'L', 16.00, TRUE),
    (10, 'S', 8.00, TRUE),
    (10, 'M', 11.50, TRUE),
    (10, 'L', 14.00, TRUE),
    (11, 'S', 8.50, TRUE),
    (11, 'M', 10.00, TRUE),
    (11, 'L', 12.50, TRUE),
    (12, 'S', 9.00, TRUE),
    (12, 'M', 10.50, TRUE),
    (12, 'L', 13.00, TRUE),
    (13, 'S', 8.00, TRUE),
    (13, 'M', 11.00, TRUE),
    (13, 'L', 13.50, TRUE),
    (14, 'S', 8.50, TRUE),
    (14, 'M', 11.50, TRUE),
    (14, 'L', 14.00, TRUE),
    (15, 'S', 10.50, TRUE),
    (15, 'M', 12.00, TRUE),
    (15, 'L', 17.00, TRUE),
    (16, 'S', 8.00, TRUE),
    (16, 'M', 10.50, TRUE),
    (16, 'L', 13.00, TRUE),
    (17, 'S', 10.00, TRUE),
    (17, 'M', 13.00, TRUE),
    (17, 'L', 15.00, TRUE),
    (18, 'S', 9.00, TRUE),
    (18, 'M', 11.50, TRUE),
    (18, 'L', 14.00, TRUE),
    (19, 'S', 8.00, TRUE),
    (19, 'M', 10.00, TRUE),
    (19, 'L', 12.50, TRUE),
    (20, 'S', 8.50, TRUE),
    (20, 'M', 10.50, TRUE),
    (20, 'L', 13.00, TRUE),
    (21, 'S', 9.00, TRUE),
    (21, 'M', 11.00, TRUE),
    (21, 'L', 13.50, TRUE),
    (22, 'S', 9.50, TRUE),
    (22, 'M', 14.00, TRUE),
    (22, 'L', 15.00, TRUE),
    (23, 'S', 10.00, TRUE),
    (23, 'M', 12.00, TRUE),
    (23, 'L', 15.50, TRUE),
    (24, 'S', 10.50, TRUE),
    (24, 'M', 12.50, TRUE),
    (24, 'L', 16.00, TRUE),
    (25, 'S', 9.50, TRUE),
    (25, 'M', 13.00, TRUE),
    (25, 'L', 17.00, TRUE),
    (26, 'S', 10.00, TRUE),
    (26, 'M', 14.00, TRUE),
    (26, 'L', 18.00, TRUE),
    (27, 'S', 10.50, TRUE),
    (27, 'M', 12.00, TRUE),
    (27, 'L', 15.00, TRUE),
    (28, 'S', 9.50, TRUE),
    (28, 'M', 12.50, TRUE),
    (28, 'L', 15.50, TRUE),
    (29, 'S', 10.00, TRUE),
    (29, 'M', 13.00, TRUE),
    (29, 'L', 16.00, TRUE),
    (30, 'S', 10.50, TRUE),
    (30, 'M', 14.00, TRUE),
    (30, 'L', 17.00, TRUE),
    (31, 'S', 9.50, TRUE),
    (31, 'M', 12.00, TRUE),
    (31, 'L', 18.00, TRUE),
    (32, 'S', 10.00, TRUE),
    (32, 'M', 12.50, TRUE),
    (32, 'L', 15.00, TRUE),
    (33, 'S', 10.50, TRUE),
    (33, 'M', 13.00, TRUE),
    (33, 'L', 15.50, TRUE),
    (34, 'S', 9.50, TRUE),
    (34, 'M', 14.00, TRUE),
    (34, 'L', 16.00, TRUE),
    (35, 'S', 10.00, TRUE),
    (35, 'M', 12.00, TRUE),
    (35, 'L', 17.00, TRUE),
    (36, 'S', 9.00, TRUE),
    (36, 'M', 10.50, TRUE),
    (36, 'L', 13.00, TRUE),
    (37, 'S', 8.00, TRUE),
    (37, 'M', 11.00, TRUE),
    (37, 'L', 13.50, TRUE),
    (38, 'S', 8.50, TRUE),
    (38, 'M', 11.50, TRUE),
    (38, 'L', 14.00, TRUE),
    (39, 'S', 10.50, TRUE),
    (39, 'M', 12.00, TRUE),
    (39, 'L', 16.00, TRUE),
    (40, 'S', 9.50, TRUE),
    (40, 'M', 12.50, TRUE),
    (40, 'L', 17.00, TRUE),
    (41, 'S', 10.00, TRUE),
    (41, 'M', 13.00, TRUE),
    (41, 'L', 18.00, TRUE),
    (42, 'S', 10.50, TRUE),
    (42, 'M', 14.00, TRUE),
    (42, 'L', 15.00, TRUE),
    (43, 'S', 9.50, TRUE),
    (43, 'M', 12.00, TRUE),
    (43, 'L', 15.50, TRUE),
    (44, 'S', 8.50, TRUE),
    (44, 'M', 10.50, TRUE),
    (44, 'L', 13.00, TRUE),
    (45, 'S', 9.00, TRUE),
    (45, 'M', 11.00, TRUE),
    (45, 'L', 13.50, TRUE),
    (46, 'S', 9.50, TRUE),
    (46, 'M', 14.00, TRUE),
    (46, 'L', 18.00, TRUE),
    (47, 'S', 8.50, TRUE),
    (47, 'M', 10.00, TRUE),
    (47, 'L', 12.50, TRUE),
    (48, 'S', 9.00, TRUE),
    (48, 'M', 10.50, TRUE),
    (48, 'L', 13.00, TRUE),
    (49, 'S', 8.00, TRUE),
    (49, 'M', 11.00, TRUE),
    (49, 'L', 13.50, TRUE),
    (50, 'S', 8.50, TRUE),
    (50, 'M', 11.50, TRUE),
    (50, 'L', 14.00, TRUE),
    (51, 'S', 9.00, TRUE),
    (51, 'M', 10.00, TRUE),
    (51, 'L', 12.50, TRUE),
    (52, 'S', 8.00, TRUE),
    (52, 'M', 10.50, TRUE),
    (52, 'L', 13.00, TRUE),
    (53, 'S', 8.50, TRUE),
    (53, 'M', 11.00, TRUE),
    (53, 'L', 13.50, TRUE),
    (54, 'S', 10.50, TRUE),
    (54, 'M', 14.00, TRUE),
    (54, 'L', 16.00, TRUE),
    (55, 'S', 8.00, TRUE),
    (55, 'M', 10.00, TRUE),
    (55, 'L', 12.50, TRUE),
    (56, 'S', 8.50, TRUE),
    (56, 'M', 10.50, TRUE),
    (56, 'L', 13.00, TRUE),
    (57, 'S', 10.50, TRUE),
    (57, 'M', 13.00, TRUE),
    (57, 'L', 15.00, TRUE),
    (58, 'S', 8.00, TRUE),
    (58, 'M', 11.50, TRUE),
    (58, 'L', 14.00, TRUE),
    (59, 'S', 8.50, TRUE),
    (59, 'M', 10.00, TRUE),
    (59, 'L', 12.50, TRUE),
    (60, 'S', 9.00, TRUE),
    (60, 'M', 10.50, TRUE),
    (60, 'L', 13.00, TRUE),
    (61, 'S', 8.00, TRUE),
    (61, 'M', 11.00, TRUE),
    (61, 'L', 13.50, TRUE),
    (62, 'S', 8.50, TRUE),
    (62, 'M', 11.50, TRUE),
    (62, 'L', 14.00, TRUE),
    (63, 'S', 9.00, TRUE),
    (63, 'M', 10.00, TRUE),
    (63, 'L', 12.50, TRUE),
    (64, 'S', 8.00, TRUE),
    (64, 'M', 10.50, TRUE),
    (64, 'L', 13.00, TRUE),
    (65, 'S', 10.00, TRUE),
    (65, 'M', 13.00, TRUE),
    (65, 'L', 17.00, TRUE),
    (66, 'S', 9.00, TRUE),
    (66, 'M', 11.50, TRUE),
    (66, 'L', 14.00, TRUE),
    (67, 'S', 8.00, TRUE),
    (67, 'M', 10.00, TRUE),
    (67, 'L', 12.50, TRUE),
    (68, 'S', 8.50, TRUE),
    (68, 'M', 10.50, TRUE),
    (68, 'L', 13.00, TRUE),
    (69, 'S', 9.00, TRUE),
    (69, 'M', 11.00, TRUE),
    (69, 'L', 13.50, TRUE),
    (70, 'S', 8.00, TRUE),
    (70, 'M', 11.50, TRUE),
    (70, 'L', 14.00, TRUE),
    (71, 'S', 10.00, TRUE),
    (71, 'M', 12.00, TRUE),
    (71, 'L', 18.00, TRUE),
    (72, 'S', 10.50, TRUE),
    (72, 'M', 12.50, TRUE),
    (72, 'L', 15.00, TRUE),
    (73, 'S', 9.50, TRUE),
    (73, 'M', 13.00, TRUE),
    (73, 'L', 15.50, TRUE),
    (74, 'S', 10.00, TRUE),
    (74, 'M', 14.00, TRUE),
    (74, 'L', 16.00, TRUE),
    (75, 'S', 10.50, TRUE),
    (75, 'M', 12.00, TRUE),
    (75, 'L', 17.00, TRUE),
    (76, 'S', 9.50, TRUE),
    (76, 'M', 12.50, TRUE),
    (76, 'L', 18.00, TRUE),
    (77, 'S', 8.50, TRUE),
    (77, 'M', 11.00, TRUE),
    (77, 'L', 13.50, TRUE),
    (78, 'S', 9.00, TRUE),
    (78, 'M', 11.50, TRUE),
    (78, 'L', 14.00, TRUE),
    (79, 'S', 8.00, TRUE),
    (79, 'M', 10.00, TRUE),
    (79, 'L', 12.50, TRUE),
    (80, 'S', 10.00, TRUE),
    (80, 'M', 12.50, TRUE),
    (80, 'L', 17.00, TRUE),
    (81, 'S', 10.50, TRUE),
    (81, 'M', 13.00, TRUE),
    (81, 'L', 18.00, TRUE),
    (82, 'S', 8.00, TRUE),
    (82, 'M', 11.50, TRUE),
    (82, 'L', 14.00, TRUE),
    (83, 'S', 8.50, TRUE),
    (83, 'M', 10.00, TRUE),
    (83, 'L', 12.50, TRUE),
    (84, 'S', 7.00, TRUE),
    (84, 'M', 9.00, TRUE),
    (84, 'L', 10.50, TRUE),
    (85, 'S', 6.00, TRUE),
    (85, 'M', 8.00, TRUE),
    (85, 'L', 9.50, TRUE),
    (86, 'S', 6.50, TRUE),
    (86, 'M', 8.50, TRUE),
    (86, 'L', 10.00, TRUE),
    (87, 'S', 7.00, TRUE),
    (87, 'M', 9.00, TRUE),
    (87, 'L', 10.50, TRUE),
    (88, 'S', 6.00, TRUE),
    (88, 'M', 8.00, TRUE),
    (88, 'L', 9.50, TRUE),
    (89, 'S', 6.50, TRUE),
    (89, 'M', 8.50, TRUE),
    (89, 'L', 10.00, TRUE),
    (90, 'S', 7.00, TRUE),
    (90, 'M', 9.00, TRUE),
    (90, 'L', 10.50, TRUE),
    (91, 'S', 6.00, TRUE),
    (91, 'M', 8.00, TRUE),
    (91, 'L', 9.50, TRUE),
    (92, 'S', 6.50, TRUE),
    (92, 'M', 8.50, TRUE),
    (92, 'L', 10.00, TRUE),
    (93, 'S', 7.00, TRUE),
    (93, 'M', 9.00, TRUE),
    (93, 'L', 10.50, TRUE),
    (94, 'S', 6.00, TRUE),
    (94, 'M', 8.00, TRUE),
    (94, 'L', 9.50, TRUE),
    (95, 'S', 6.50, TRUE),
    (95, 'M', 8.50, TRUE),
    (95, 'L', 10.00, TRUE),
    (96, 'S', 7.00, TRUE),
    (96, 'M', 9.00, TRUE),
    (96, 'L', 10.50, TRUE),
    (97, 'S', 6.00, TRUE),
    (97, 'M', 8.00, TRUE),
    (97, 'L', 9.50, TRUE),
    (98, 'S', 6.50, TRUE),
    (98, 'M', 8.50, TRUE),
    (98, 'L', 10.00, TRUE),
    (99, 'S', 7.00, TRUE),
    (99, 'M', 9.00, TRUE),
    (99, 'L', 10.50, TRUE),
    (100, 'S', 6.00, TRUE),
    (100, 'M', 8.00, TRUE),
    (100, 'L', 9.50, TRUE),
    (101, 'S', 6.50, TRUE),
    (101, 'M', 8.50, TRUE),
    (101, 'L', 10.00, TRUE),
    (102, 'S', 7.00, TRUE),
    (102, 'M', 9.00, TRUE),
    (102, 'L', 10.50, TRUE),
    (103, 'S', 6.00, TRUE),
    (103, 'M', 8.00, TRUE),
    (103, 'L', 9.50, TRUE),
    (104, 'S', 6.50, TRUE),
    (104, 'M', 8.50, TRUE),
    (104, 'L', 10.00, TRUE),
    (105, 'S', 7.00, TRUE),
    (105, 'M', 9.00, TRUE),
    (105, 'L', 10.50, TRUE),
    (106, 'S', 6.00, TRUE),
    (106, 'M', 8.00, TRUE),
    (106, 'L', 9.50, TRUE),
    (107, 'S', 6.50, TRUE),
    (107, 'M', 8.50, TRUE),
    (107, 'L', 10.00, TRUE),
    (108, 'S', 7.00, TRUE),
    (108, 'M', 9.00, TRUE),
    (108, 'L', 10.50, TRUE),
    (109, 'S', 6.00, TRUE),
    (109, 'M', 8.00, TRUE),
    (109, 'L', 9.50, TRUE),
    (110, 'S', 6.50, TRUE),
    (110, 'M', 8.50, TRUE),
    (110, 'L', 10.00, TRUE),
    (111, 'S', 7.00, TRUE),
    (111, 'M', 9.00, TRUE),
    (111, 'L', 10.50, TRUE),
    (112, 'S', 6.00, TRUE),
    (112, 'M', 8.00, TRUE),
    (112, 'L', 9.50, TRUE),
    (113, 'S', 6.50, TRUE),
    (113, 'M', 8.50, TRUE),
    (113, 'L', 10.00, TRUE),
    (114, 'S', 7.00, TRUE),
    (114, 'M', 9.00, TRUE),
    (114, 'L', 10.50, TRUE),
    (115, 'S', 6.00, TRUE),
    (115, 'M', 8.00, TRUE),
    (115, 'L', 9.50, TRUE),
    (116, 'S', 10.00, TRUE),
    (116, 'M', 12.50, TRUE),
    (116, 'L', 18.00, TRUE),
    (117, 'S', 10.50, TRUE),
    (117, 'M', 13.00, TRUE),
    (117, 'L', 15.00, TRUE),
    (118, 'S', 8.00, TRUE),
    (118, 'M', 11.50, TRUE),
    (118, 'L', 14.00, TRUE),
    (119, 'S', 10.00, TRUE),
    (119, 'M', 12.00, TRUE),
    (119, 'L', 16.00, TRUE),
    (120, 'S', 10.50, TRUE),
    (120, 'M', 12.50, TRUE),
    (120, 'L', 17.00, TRUE),
    (121, 'S', 8.00, TRUE),
    (121, 'M', 11.00, TRUE),
    (121, 'L', 13.50, TRUE),
    (122, 'S', 8.50, TRUE),
    (122, 'M', 11.50, TRUE),
    (122, 'L', 14.00, TRUE),
    (123, 'S', 10.50, TRUE),
    (123, 'M', 12.00, TRUE),
    (123, 'L', 15.50, TRUE),
    (124, 'S', 9.50, TRUE),
    (124, 'M', 12.50, TRUE),
    (124, 'L', 16.00, TRUE),
    (125, 'S', 8.50, TRUE),
    (125, 'M', 11.00, TRUE),
    (125, 'L', 13.50, TRUE),
    (126, 'S', 9.00, TRUE),
    (126, 'M', 11.50, TRUE),
    (126, 'L', 14.00, TRUE),
    (127, 'S', 8.00, TRUE),
    (127, 'M', 10.00, TRUE),
    (127, 'L', 12.50, TRUE),
    (128, 'S', 10.00, TRUE),
    (128, 'M', 12.50, TRUE),
    (128, 'L', 15.50, TRUE),
    (129, 'S', 10.50, TRUE),
    (129, 'M', 13.00, TRUE),
    (129, 'L', 16.00, TRUE),
    (130, 'S', 8.00, TRUE),
    (130, 'M', 11.50, TRUE),
    (130, 'L', 14.00, TRUE),
    (131, 'S', 8.50, TRUE),
    (131, 'M', 10.00, TRUE),
    (131, 'L', 12.50, TRUE),
    (132, 'S', 10.50, TRUE),
    (132, 'M', 12.50, TRUE),
    (132, 'L', 15.00, TRUE),
    (133, 'S', 9.50, TRUE),
    (133, 'M', 13.00, TRUE),
    (133, 'L', 15.50, TRUE),
    (134, 'S', 8.50, TRUE),
    (134, 'M', 11.50, TRUE),
    (134, 'L', 14.00, TRUE),
    (135, 'S', 10.50, TRUE),
    (135, 'M', 12.00, TRUE),
    (135, 'L', 17.00, TRUE),
    (136, 'S', 8.00, TRUE),
    (136, 'M', 10.50, TRUE),
    (136, 'L', 13.00, TRUE),
    (137, 'S', 8.50, TRUE),
    (137, 'M', 11.00, TRUE),
    (137, 'L', 13.50, TRUE),
    (138, 'S', 9.00, TRUE),
    (138, 'M', 11.50, TRUE),
    (138, 'L', 14.00, TRUE),
    (139, 'S', 8.00, TRUE),
    (139, 'M', 10.00, TRUE),
    (139, 'L', 12.50, TRUE),
    (140, 'S', 8.50, TRUE),
    (140, 'M', 10.50, TRUE),
    (140, 'L', 13.00, TRUE),
    (141, 'S', 9.00, TRUE),
    (141, 'M', 11.00, TRUE),
    (141, 'L', 13.50, TRUE),
    (142, 'S', 8.00, TRUE),
    (142, 'M', 11.50, TRUE),
    (142, 'L', 14.00, TRUE),
    (143, 'S', 8.50, TRUE),
    (143, 'M', 10.00, TRUE),
    (143, 'L', 12.50, TRUE),
    (144, 'S', 9.00, TRUE),
    (144, 'M', 10.50, TRUE),
    (144, 'L', 13.00, TRUE),
    (145, 'S', 8.00, TRUE),
    (145, 'M', 11.00, TRUE),
    (145, 'L', 13.50, TRUE),
    (146, 'S', 8.50, TRUE),
    (146, 'M', 11.50, TRUE),
    (146, 'L', 14.00, TRUE),
    (147, 'S', 9.00, TRUE),
    (147, 'M', 10.00, TRUE),
    (147, 'L', 12.50, TRUE),
    (148, 'S', 9.50, TRUE),
    (148, 'M', 12.50, TRUE),
    (148, 'L', 15.50, TRUE),
    (149, 'S', 10.00, TRUE),
    (149, 'M', 13.00, TRUE),
    (149, 'L', 16.00, TRUE),
    (150, 'S', 10.50, TRUE),
    (150, 'M', 14.00, TRUE),
    (150, 'L', 17.00, TRUE),
    (151, 'S', 9.50, TRUE),
    (151, 'M', 12.00, TRUE),
    (151, 'L', 18.00, TRUE),
    (152, 'S', 8.50, TRUE),
    (152, 'M', 10.50, TRUE),
    (152, 'L', 13.00, TRUE),
    (153, 'S', 9.00, TRUE),
    (153, 'M', 11.00, TRUE),
    (153, 'L', 13.50, TRUE),
    (154, 'S', 9.50, TRUE),
    (154, 'M', 14.00, TRUE),
    (154, 'L', 16.00, TRUE),
    (155, 'S', 10.00, TRUE),
    (155, 'M', 12.00, TRUE),
    (155, 'L', 17.00, TRUE),
    (156, 'S', 9.00, TRUE),
    (156, 'M', 10.50, TRUE),
    (156, 'L', 13.00, TRUE),
    (157, 'S', 9.50, TRUE),
    (157, 'M', 13.00, TRUE),
    (157, 'L', 15.00, TRUE),
    (158, 'S', 10.00, TRUE),
    (158, 'M', 14.00, TRUE),
    (158, 'L', 15.50, TRUE),
    (159, 'S', 10.50, TRUE),
    (159, 'M', 12.00, TRUE),
    (159, 'L', 16.00, TRUE),
    (160, 'S', 9.50, TRUE),
    (160, 'M', 12.50, TRUE),
    (160, 'L', 17.00, TRUE),
    (161, 'S', 8.50, TRUE),
    (161, 'M', 11.00, TRUE),
    (161, 'L', 13.50, TRUE),
    (162, 'S', 9.00, TRUE),
    (162, 'M', 11.50, TRUE),
    (162, 'L', 14.00, TRUE),
    (163, 'S', 8.00, TRUE),
    (163, 'M', 10.00, TRUE),
    (163, 'L', 12.50, TRUE),
    (164, 'S', 8.50, TRUE),
    (164, 'M', 10.50, TRUE),
    (164, 'L', 13.00, TRUE),
    (165, 'S', 10.50, TRUE),
    (165, 'M', 13.00, TRUE),
    (165, 'L', 17.00, TRUE),
    (166, 'S', 9.50, TRUE),
    (166, 'M', 14.00, TRUE),
    (166, 'L', 18.00, TRUE),
    (167, 'S', 10.00, TRUE),
    (167, 'M', 12.00, TRUE),
    (167, 'L', 15.00, TRUE),
    (168, 'S', 9.00, TRUE),
    (168, 'M', 10.50, TRUE),
    (168, 'L', 13.00, TRUE),
    (169, 'S', 9.50, TRUE),
    (169, 'M', 13.00, TRUE),
    (169, 'L', 16.00, TRUE),
    (170, 'S', 8.50, TRUE),
    (170, 'M', 11.50, TRUE),
    (170, 'L', 14.00, TRUE),
    (171, 'S', 9.00, TRUE),
    (171, 'M', 10.00, TRUE),
    (171, 'L', 12.50, TRUE),
    (172, 'S', 9.50, TRUE),
    (172, 'M', 12.50, TRUE),
    (172, 'L', 15.00, TRUE),
    (173, 'S', 10.00, TRUE),
    (173, 'M', 13.00, TRUE),
    (173, 'L', 15.50, TRUE),
    (174, 'S', 10.50, TRUE),
    (174, 'M', 14.00, TRUE),
    (174, 'L', 16.00, TRUE),
    (175, 'S', 8.00, TRUE),
    (175, 'M', 10.00, TRUE),
    (175, 'L', 12.50, TRUE),
    (176, 'S', 10.00, TRUE),
    (176, 'M', 12.50, TRUE),
    (176, 'L', 18.00, TRUE),
    (177, 'S', 10.50, TRUE),
    (177, 'M', 13.00, TRUE),
    (177, 'L', 15.00, TRUE),
    (178, 'S', 9.50, TRUE),
    (178, 'M', 14.00, TRUE),
    (178, 'L', 15.50, TRUE),
    (179, 'S', 10.00, TRUE),
    (179, 'M', 12.00, TRUE),
    (179, 'L', 16.00, TRUE),
    (180, 'S', 10.50, TRUE),
    (180, 'M', 12.50, TRUE),
    (180, 'L', 17.00, TRUE),
    (181, 'S', 8.00, TRUE),
    (181, 'M', 11.00, TRUE),
    (181, 'L', 13.50, TRUE),
    (182, 'S', 8.50, TRUE),
    (182, 'M', 11.50, TRUE),
    (182, 'L', 14.00, TRUE),
    (183, 'S', 10.50, TRUE),
    (183, 'M', 12.00, TRUE),
    (183, 'L', 15.50, TRUE),
    (184, 'S', 8.00, TRUE),
    (184, 'M', 10.50, TRUE),
    (184, 'L', 13.00, TRUE),
    (185, 'S', 8.50, TRUE),
    (185, 'M', 11.00, TRUE),
    (185, 'L', 13.50, TRUE),
    (186, 'S', 9.00, TRUE),
    (186, 'M', 11.50, TRUE),
    (186, 'L', 14.00, TRUE),
    (187, 'S', 8.00, TRUE),
    (187, 'M', 10.00, TRUE),
    (187, 'L', 12.50, TRUE),
    (188, 'S', 8.50, TRUE),
    (188, 'M', 10.50, TRUE),
    (188, 'L', 13.00, TRUE),
    (189, 'S', 9.00, TRUE),
    (189, 'M', 11.00, TRUE),
    (189, 'L', 13.50, TRUE),
    (190, 'S', 8.00, TRUE),
    (190, 'M', 11.50, TRUE),
    (190, 'L', 14.00, TRUE),
    (191, 'S', 8.50, TRUE),
    (191, 'M', 10.00, TRUE),
    (191, 'L', 12.50, TRUE),
    (192, 'S', 9.00, TRUE),
    (192, 'M', 10.50, TRUE),
    (192, 'L', 13.00, TRUE),
    (193, 'S', 8.00, TRUE),
    (193, 'M', 11.00, TRUE),
    (193, 'L', 13.50, TRUE),
    (194, 'S', 8.50, TRUE),
    (194, 'M', 11.50, TRUE),
    (194, 'L', 14.00, TRUE),
    (195, 'S', 9.00, TRUE),
    (195, 'M', 10.00, TRUE),
    (195, 'L', 12.50, TRUE),
    (196, 'S', 8.00, TRUE),
    (196, 'M', 10.50, TRUE),
    (196, 'L', 13.00, TRUE),
    (197, 'S', 10.00, TRUE),
    (197, 'M', 13.00, TRUE),
    (197, 'L', 15.00, TRUE),
    (198, 'S', 10.50, TRUE),
    (198, 'M', 14.00, TRUE),
    (198, 'L', 15.50, TRUE),
    (199, 'S', 9.50, TRUE),
    (199, 'M', 12.00, TRUE),
    (199, 'L', 16.00, TRUE),
    (200, 'S', 10.00, TRUE),
    (200, 'M', 12.50, TRUE),
    (200, 'L', 17.00, TRUE),
    (201, 'S', 10.50, TRUE),
    (201, 'M', 13.00, TRUE),
    (201, 'L', 18.00, TRUE),
    (202, 'S', 9.50, TRUE),
    (202, 'M', 14.00, TRUE),
    (202, 'L', 15.00, TRUE),
    (203, 'S', 10.00, TRUE),
    (203, 'M', 12.00, TRUE),
    (203, 'L', 15.50, TRUE),
    (204, 'S', 9.00, TRUE),
    (204, 'M', 10.50, TRUE),
    (204, 'L', 13.00, TRUE),
    (205, 'S', 8.00, TRUE),
    (205, 'M', 11.00, TRUE),
    (205, 'L', 13.50, TRUE),
    (206, 'S', 10.00, TRUE),
    (206, 'M', 14.00, TRUE),
    (206, 'L', 18.00, TRUE),
    (207, 'S', 10.50, TRUE),
    (207, 'M', 12.00, TRUE),
    (207, 'L', 15.00, TRUE),
    (208, 'S', 9.50, TRUE),
    (208, 'M', 12.50, TRUE),
    (208, 'L', 15.50, TRUE),
    (209, 'S', 10.00, TRUE),
    (209, 'M', 13.00, TRUE),
    (209, 'L', 16.00, TRUE),
    (210, 'S', 10.50, TRUE),
    (210, 'M', 14.00, TRUE),
    (210, 'L', 17.00, TRUE),
    (211, 'S', 8.00, TRUE),
    (211, 'M', 10.00, TRUE),
    (211, 'L', 12.50, TRUE),
    (212, 'S', 10.00, TRUE),
    (212, 'M', 12.50, TRUE),
    (212, 'L', 15.00, TRUE),
    (213, 'S', 10.50, TRUE),
    (213, 'M', 13.00, TRUE),
    (213, 'L', 15.50, TRUE),
    (214, 'S', 9.50, TRUE),
    (214, 'M', 14.00, TRUE),
    (214, 'L', 16.00, TRUE),
    (215, 'S', 8.50, TRUE),
    (215, 'M', 10.00, TRUE),
    (215, 'L', 12.50, TRUE),
    (216, 'S', 9.00, TRUE),
    (216, 'M', 10.50, TRUE),
    (216, 'L', 13.00, TRUE),
    (217, 'S', 9.50, TRUE),
    (217, 'M', 13.00, TRUE),
    (217, 'L', 15.00, TRUE),
    (218, 'S', 10.00, TRUE),
    (218, 'M', 14.00, TRUE),
    (218, 'L', 15.50, TRUE),
    (219, 'S', 10.50, TRUE),
    (219, 'M', 12.00, TRUE),
    (219, 'L', 16.00, TRUE),
    (220, 'S', 9.50, TRUE),
    (220, 'M', 12.50, TRUE),
    (220, 'L', 17.00, TRUE),
    (221, 'S', 8.50, TRUE),
    (221, 'M', 11.00, TRUE),
    (221, 'L', 13.50, TRUE),
    (222, 'S', 9.00, TRUE),
    (222, 'M', 11.50, TRUE),
    (222, 'L', 14.00, TRUE);

-- ---------------------------------------------------------------------------
-- Realign sequences past the explicitly seeded ids.
-- ---------------------------------------------------------------------------
SELECT setval(pg_get_serial_sequence('category', 'id'),        (SELECT MAX(id) FROM category));
SELECT setval(pg_get_serial_sequence('ingredient', 'id'),      (SELECT MAX(id) FROM ingredient));
SELECT setval(pg_get_serial_sequence('cocktail', 'id'),        (SELECT MAX(id) FROM cocktail));
SELECT setval(pg_get_serial_sequence('cocktail_price', 'id'),  (SELECT MAX(id) FROM cocktail_price));

-- ==========================================================================
-- Demo staff accounts (barmaker V3+V5 / manager V9)
-- ==========================================================================
-- Demo credentials (DEVELOPMENT / DEMO ONLY — do not use in production):
--   barmaker / barmaker-test   (role BARMAKER)
--   manager  / manager-test    (role MANAGER)
-- Passwords are stored as BCrypt hashes; the plaintext is NEVER seeded.
INSERT INTO app_user (username, password_hash, display_name, role, active)
VALUES
    ('barmaker', '$2a$10$.J1SmmZCYSJBflqdFRnQieLCiqpw.kK6rHVpJ96IOqWDm1fmaylrm', 'Barman principal', 'BARMAKER', TRUE),
    ('manager',  '$2a$10$MtBWUqwWb.YWQMZ6rZxDjOxqSmZ52LyGnn.9wi/EDR8aAjOTxgbTa', 'Manager du bar',   'MANAGER',  TRUE)
ON CONFLICT ((LOWER(username)))
DO NOTHING;
